{"params": {"n_jobs": 1, "reg_alpha": 0.005281472602249493, "learning_rate": 0.12436664879127148, "min_child_weight": 0.0015308448127018968, "n_estimators": 3734, "subsample": 0.5365086855693288}, "target": 0.8743505079825834, "targets": [0.7876929124334785, 0.7497587082728593, 0.789978229317852, 0.7878307934204161, 0.6980309627479439, 0.7400247943880018, 0.8128229317851959, 0.8239562167392356, 0.7089374697629415, 0.7749002177068215, 0.5, 0.7833671988388969, 0.7914156990807933, 0.746903725205612, 0.8181380019351717, 0.7587560474117079, 0.7781295355587808, 0.7955587808417997, 0.5, 0.7167528422835027, 0.7617712868892115, 0.7632262941461054, 0.7419805273343009, 0.5, 0.7941866231253023, 0.826813618771166, 0.8535474117077891, 0.852596153846154, 0.8514592404450895, 0.8223723996129657, 0.8430920416061927, 0.8007172230285438, 0.8534579100145138, 0.5765058055152396, 0.8443988872762457, 0.8360891388485729, 0.8425592646347365, 0.845399733913885, 0.8415136671504596, 0.8497665699080793, 0.8395930091920658, 0.8349050556361878, 0.8582148040638607, 0.8518740928882437, 0.8422091194968555, 0.8536689646831157, 0.8421940009675858, 0.8651844460570877, 0.8543480890179003, 0.8217930575713595, 0.8481089743589744, 0.8188141025641027, 0.822141388485728, 0.8521849298500241, 0.8592628205128205, 0.8174564586357039, 0.8538884857281085, 0.856332244799226, 0.816887397194001, 0.8548361151427188, 0.844392839864538, 0.8530902273826803, 0.829414610546686, 0.8448887276245767, 0.8559059022738268, 0.8552539912917272, 0.8454559748427674, 0.8472689888727626, 0.8337862844702467, 0.8441092162554427, 0.8377122641509434, 0.8361556603773584, 0.8580412433478471, 0.8529462989840348, 0.8321861393323656, 0.8384046927914852, 0.8184210208030963, 0.8551923076923076, 0.8319545234639574, 0.8564042089985486, 0.8361490082244799, 0.841217343976778, 0.8379354136429609, 0.8379602080309627, 0.8494726656990809, 0.8433109579100145, 0.8471782776971455, 0.8420367682631834, 0.8523717948717948, 0.838747581035317, 0.8434173923560715, 0.836263304305757, 0.8547744315432995, 0.8281990807934203, 0.7946317126269956, 0.851258466376391, 0.8440553942912434, 0.8609089259796807, 0.8545899854862119, 0.8462971698113207, 0.8617845911949686, 0.8520283018867925, 0.8330291485244317, 0.8255563618771167, 0.8518855829704887, 0.8547314949201741, 0.84885099177552, 0.8561254233188196, 0.8290408805031447, 0.8322175858732465, 0.8167737058538945, 0.8493801402999516, 0.8379970972423803, 0.8536199806482825, 0.8519629898403484, 0.8449818577648767, 0.8518970730527334, 0.8635468069666181, 0.8617410498306726, 0.8532359700048378, 0.8172097242380263, 0.8601868650217707, 0.8313038219641993, 0.856745283018868, 0.8587276245766813, 0.8611689646831158, 0.868123488147073, 0.8233575229801644, 0.8578997339138847, 0.8589749637155297, 0.8548760280599904, 0.8547236332849539, 0.8563800193517175, 0.8468595791001452, 0.8600761973875182, 0.8606446540880504, 0.8102140783744558, 0.8679614175133044, 0.8540499516207063, 0.860016328011611, 0.8494932268988873, 0.853829221093372, 0.8513177310111273, 0.8578338171262698, 0.8609603289791969, 0.8619188437348815, 0.8475187469762941, 0.8561756168359942, 0.8542307692307693, 0.8513540154813739, 0.8368220851475568, 0.8536816642477021, 0.8317126269956459, 0.8508732462506046, 0.8329831881954523, 0.8577110546686019, 0.8593759071117562, 0.8515203193033383, 0.858353289791969, 0.8504311804547653, 0.8584857281083697, 0.8601421141751331, 0.8186254233188196, 0.8539894775036284, 0.8680061683599419, 0.854173923560716, 0.8585208030962749, 0.8588370827285923, 0.860834542815675, 0.8675997822931784, 0.8659694000967585, 0.8640892597968068, 0.8652231494920175, 0.850547290759555, 0.8504366231253024, 0.8450223754233187, 0.8644563376874699, 0.8352926947266569, 0.866274794388002, 0.8571686018384131, 0.8327219400096759, 0.8579112239961297, 0.8613340590227383, 0.8585540638606675, 0.8661435655539428, 0.8656488872762458, 0.8557480648282535, 0.5, 0.861479801644896, 0.8540324141267537, 0.8683702225447508, 0.5, 0.8703471214320271, 0.8556978713110789, 0.8595778906627963, 0.8519841557813257, 0.8627400822447993, 0.8497853168843734, 0.8520893807450411, 0.855249153362361, 0.8540493468795356, 0.5, 0.8542948717948718, 0.8574492017416546, 0.8529202951136913, 0.854384373488147, 0.8565142718916304, 0.8579995162070635, 0.8621728350266086, 0.8654771407837446, 0.8639894775036284, 0.8467168601838413, 0.5, 0.8584482341557814, 0.8550278180938558, 0.8523149492017417, 0.8631718674407354, 0.8620391872278665, 0.8592785437832606, 0.8627799951620707, 0.8642011369134011, 0.8623234155781325, 0.8633357522980164, 0.8541436865021771, 0.8630769230769232, 0.5, 0.8633188195452346, 0.8495464441219159, 0.8677316158684082, 0.829116473149492, 0.8678332123850993, 0.8646298984034833, 0.8484421867440736, 0.8551650943396225, 0.863725205611998, 0.8367912433478472, 0.8590511611030479, 0.8252449201741655, 0.8673336961780358, 0.8743505079825834, 0.8657359700048379, 0.8300768021286891, 0.8610389453313981, 0.8623923560716014, 0.8596740445089501, 0.8382970488630865, 0.8568982825350749, 0.8650641025641026, 0.8561671504596031, 0.8683992501209483, 0.8743009192065795, 0.8577304063860668, 0.8632982583454281, 0.8613800193517175, 0.8601590469279149, 0.8727255684567006, 0.8598790517658441, 0.8651620706337688, 0.8637850749879051, 0.8605351959361393, 0.8665058055152395, 0.8556603773584905, 0.8687076681180456, 0.8547139574262215, 0.8597115384615384, 0.8662880986937591, 0.8623857039187228, 0.863982220609579, 0.8618118045476535, 0.8579825834542815, 0.8545234639574263, 0.8606688437348815, 0.8666981132075472, 0.8585153604257378, 0.8492839864537978, 0.8655182631833576, 0.8742930575713593, 0.8495137880986938, 0.8426663038219642, 0.8568855829704887, 0.8563552249637155, 0.853591557813256, 0.8104305757135947, 0.8518940493468795, 0.8021837203676826, 0.8457625786163522, 0.8626427189163037, 0.5, 0.8490995403967101, 0.8630491049830672, 0.8431936381228834, 0.835746855345912, 0.8604269472665699, 0.8641763425253991, 0.8391436865021771, 0.8560673681664248, 0.867245403967102, 0.8663134978229318, 0.7511459845186261, 0.7860843009192066, 0.8650610788582487, 0.8498185776487663, 0.8543704644412193, 0.8638461538461538, 0.8680491049830673, 0.863881228834059, 0.8622647556845671, 0.8601421141751331, 0.8301167150459603, 0.8613794146105468, 0.8615052007740689, 0.8399697629414611, 0.8568837687469764, 0.8445500725689404, 0.8681198597000483, 0.8528477261731979, 0.8644496855345911, 0.8552642718916305, 0.8576209482341559, 0.8603918722786646, 0.853071480406386, 0.8435540638606677, 0.8566086115142719, 0.8582879777455249, 0.8682214562167392, 0.8630128205128205, 0.8610455974842767, 0.8640160861151427, 0.8713570391872277, 0.8525133043057572, 0.8547714078374457, 0.8507504837929367, 0.8622647556845671, 0.8570216497339139, 0.8599334784712143, 0.8606023222060959, 0.8423197871311079, 0.849838534107402, 0.8575979680696662, 0.8451947266569908, 0.857532656023222, 0.8631047411707788, 0.8455472907595549, 0.8568765118529271, 0.8558266811804547, 0.857688679245283, 0.8569121915820028, 0.8563854620222544, 0.830982099661345, 0.8650858732462506, 0.86187106918239]}