{"params": {"kernel": "poly", "probability": true, "C": 0.12744902047106832, "degree": 2, "class_weight": "balanced", "gamma": 0.00014716842950461494, "coef0": 8.617571490368661}, "target": 0.9902425012094824, "targets": [0.9176106676342526, 0.9175768021286889, 0.9248034591194969, 0.9807226656990808, 0.8463080551523948, 0.9670198355104016, 0.9259760522496372, 0.8481011127237542, 0.9278386550556361, 0.8484808901790034, 0.917256289308176, 0.8461496129656506, 0.9882438316400581, 0.8471069182389936, 0.8492440735365264, 0.893484518626028, 0.8488062409288826, 0.9212953555878084, 0.8919127963231736, 0.985249153362361, 0.8943728834059023, 0.9885957910014513, 0.9885637397193999, 0.9885957910014513, 0.9885957910014513, 0.9884034833091437, 0.9885957910014513, 0.9886278422835026, 0.9885957910014513, 0.9885957910014513, 0.9885637397193999, 0.9881168359941945, 0.9872871311078859, 0.9868426463473632, 0.9874467827769715, 0.9872224238026124, 0.9862046444121916, 0.9862681422351234, 0.9861090953072086, 0.9866842041606192, 0.9870331398161586, 0.9800374939525882, 0.9750731736816641, 0.9797822931785196, 0.9799733913884857, 0.9798772375423319, 0.984929245283019, 0.9843238993710692, 0.9772998306724722, 0.9806742864054184, 0.9793372036768263, 0.9882758829221092, 0.9882117803580067, 0.9885322931785195, 0.9883714320270924, 0.9883714320270924, 0.9875417271407839, 0.9872224238026124, 0.9568898161586841, 0.891848693759071, 0.9314894775036284, 0.9612766086115142, 0.9710413642960812, 0.9739477503628446, 0.9219508950169327, 0.9495041122399612, 0.9886278422835026, 0.9491835994194485, 0.9881476777939042, 0.892776366715046, 0.9885637397194001, 0.9886278422835026, 0.988444000967586, 0.9902425012094824, 0.9886278422835026, 0.9878604257377843, 0.9878924770198356, 0.9874449685534591, 0.9874770198355103, 0.9842676584421867, 0.9856627963231738, 0.980519472665699, 0.9863007982583454, 0.9760794629898404, 0.9825374939525883, 0.9823699806482825, 0.9772206095791003, 0.9878924770198354, 0.9868692549588776, 0.9879886308659895, 0.9879886308659893, 0.9885951862602805, 0.9885957910014513, 0.988627237542332, 0.9865572085147557, 0.9885957910014513, 0.8996383647798742, 0.9866201015965167, 0.9864937106918237, 0.9884367440735364, 0.9884040880503144]}