{"params": {"kernel": "rbf", "probability": true, "C": 10.025341331216051, "class_weight": null, "gamma": 0.0001003147205598177}, "target": 0.9688276306764898, "targets": [0.9566239378438883, 0.5, 0.5, 0.5, 0.5, 0.5, 0.5, 0.9011633359765383, 0.514962376552344, 0.8774345788741599, 0.5, 0.5583146952326892, 0.5, 0.5, 0.8813043746034518, 0.5, 0.5, 0.8995258469891448, 0.5, 0.5, 0.5, 0.6313829452709178, 0.953484552163592, 0.5, 0.5, 0.8171225971045493, 0.9202382909692766, 0.5, 0.8240465054976334, 0.5, 0.5, 0.5, 0.5, 0.9128643863226799, 0.9366233511637381, 0.5, 0.5, 0.930632327100508, 0.5, 0.897288549422996, 0.514962376552344, 0.9181196119537562, 0.5, 0.9521037739256342, 0.9668143429550675, 0.9648911506172361, 0.9627577551838536, 0.965792621055115, 0.9641996047590631, 0.9682268136008452, 0.9648612820389804, 0.9680157659733778, 0.9683467101798261, 0.9548646970026125, 0.9665741275311476, 0.9569369537158776, 0.9608048380178801, 0.9632984128370289, 0.96038400956082, 0.9531841773172024, 0.9578959152147455, 0.9527335476647524, 0.9666643666648518, 0.9232266042647425, 0.9237091284736092, 0.9270504875554628, 0.9591838533403843, 0.9607444000795657, 0.9566664474477438, 0.9647712540382551, 0.9654921114429941, 0.9647411743270202, 0.9683467101798261, 0.9683168416015704, 0.9652521071520533, 0.9677451923223781, 0.9670848492232013, 0.9654622428647384, 0.9643197124710232, 0.968707734097509, 0.901419206686249, 0.904807857309325, 0.9089859408795314, 0.9056848992123033, 0.9061375503507232, 0.907362463036006, 0.9081401691184148, 0.9049127230170704, 0.9059891193742271, 0.9061676300619581, 0.9048682952476392, 0.9047471408551658, 0.9059891193742271, 0.9061097841178766, 0.9056241827581442, 0.9068344014865201, 0.9049277628726878, 0.9061097841178766, 0.9090466573336904, 0.9128041595173446, 0.9062145689661832, 0.9073174827270762, 0.9124428660681989, 0.9059891193742271, 0.9050044513121062, 0.904609677563105, 0.904731341819262, 0.9092121631283474, 0.9045946377074877, 0.9054130722400023, 0.9373147532717974, 0.9072570447887618, 0.9049586691470749, 0.9383051870611242, 0.9401661580607966, 0.942749590177411, 0.9365325549983442, 0.9376752111734088, 0.9408872176141326, 0.9373147532717974, 0.9377655176899788, 0.9384256406717946, 0.9423302396512048, 0.9397459630026738, 0.9396551668372801, 0.9186173422293091, 0.938305465576969, 0.9399862458094596, 0.9384256406717946, 0.93917572427147, 0.9395952185477897, 0.9413972295400015, 0.9355696852932672, 0.9390257479812544, 0.9397758315809295, 0.9418486947399856, 0.9399260863869902, 0.940827058191663, 0.9386060425719555, 0.9401066320372644, 0.9429894507182386, 0.9445511789036647, 0.9456895540206638, 0.9185268919626257, 0.9187375083397527, 0.9684369493135303, 0.9189781460296308, 0.9487784564580007, 0.9681062162400613, 0.9456895540206638, 0.919729824357127, 0.9189793274758756, 0.9683469213128051, 0.9683467101798261, 0.9683469213128051, 0.9189191006705404, 0.9667543946655771, 0.9684670290247652, 0.9668143429550675, 0.9676854551658669, 0.9669043709557927, 0.9685575466743142, 0.9680759253958474, 0.9682268136008452, 0.9682268136008452, 0.9681062162400613, 0.9662733304187998, 0.968707734097509, 0.9683168416015704, 0.9683467101798261, 0.9680157659733778, 0.9682268136008452, 0.9681365744671409, 0.9667842632438328, 0.9682268136008452, 0.9686477858080185, 0.9649212303284708, 0.9668143429550675, 0.9646810149045508, 0.9666944463760865, 0.9683467101798261, 0.9680761365288264, 0.9686177060967838, 0.9683469213128051, 0.967565347453907, 0.9682867618903357, 0.9680759253958474, 0.9677451923223781, 0.9687376026757646, 0.9571767468738394, 0.9565157703757251, 0.9568166348709385, 0.9566664474477438, 0.9569971805212127, 0.9571468782955836, 0.9571767468738394, 0.9566664474477438, 0.9572070377180533, 0.9570571288107033, 0.9566064991582532, 0.9554648806793198, 0.9599938178466845, 0.9569973916541918, 0.9566666585807229, 0.9571769580068183, 0.9564257423749998, 0.9562751326858467, 0.9575928046240099, 0.9560052598166504, 0.9563352921083164, 0.9559148095499669, 0.9559749689724363, 0.9548945655808682, 0.9561253675286101, 0.9563352921083164, 0.9564257423749998, 0.9555845661253217, 0.9571767468738394, 0.9560355506608641, 0.9551642273170856, 0.956035128394906, 0.9565764194470185, 0.9570571288107033, 0.9542047761693938, 0.9554648806793198, 0.9551642273170856, 0.953484552163592, 0.8978607467494955, 0.899127023529917, 0.9524335950843211, 0.9283722788328138, 0.5, 0.9293977562044795, 0.95174394942296, 0.9613445837562733, 0.507642245678647, 0.9622466786087074, 0.869799936228856, 0.9276828443044318, 0.8939455888750348, 0.5, 0.5, 0.9631490699457504, 0.9621867303192169, 0.962727675472619, 0.5204625793298477, 0.9276828443044318, 0.9632088071022619, 0.5, 0.963839070490204, 0.8808571904615331, 0.9635089708156723, 0.9032105150332971, 0.9634185205489889, 0.514962376552344, 0.9638689390684597, 0.963388440837754, 0.963388440837754, 0.514962376552344, 0.9638689390684597, 0.9630592530780044, 0.9473982262673504, 0.963839070490204, 0.5, 0.9683168416015704, 0.9681062162400613, 0.9643197124710232, 0.9683162845698808, 0.9683168416015704, 0.9684971087359999, 0.9681967338896105, 0.9190291054448411, 0.9682870404061802, 0.9579148902297181, 0.9682867618903357, 0.9684068696022956, 0.9684065910864508, 0.9683168416015704, 0.9683467101798261, 0.9685876263855488, 0.9675651363209278, 0.9673855025854354, 0.9036353190794314, 0.9681666541783756, 0.9682566821791008, 0.9677451923223781, 0.9686177060967838, 0.968707734097509, 0.9670246898007318, 0.9681365744671409, 0.9686477858080185, 0.9686177060967838, 0.9037552830412781, 0.9686477858080185, 0.9037550045254333, 0.968707734097509, 0.9683168416015704, 0.9683469213128051, 0.9683168416015704, 0.968707734097509, 0.5, 0.9686768188387399, 0.9680460568175917, 0.9669344506670274, 0.9682268136008452, 0.9661830239022298, 0.9684664719930755, 0.9683168416015704, 0.9688276306764898, 0.9478189379274433, 0.9480590096012499, 0.9480291410229942, 0.9456895540206638, 0.9495278392758731, 0.5, 0.5, 0.9477589896379527, 0.9470687105776545, 0.5, 0.5, 0.9492287312273582, 0.9519238616742971, 0.9479689816005245, 0.9448806451792591, 0.5, 0.9519238616742971, 0.9473388619626958, 0.9488083250362565, 0.5, 0.6964496552063685, 0.9495577078541289, 0.9492886795168488, 0.9454800517069157, 0.5, 0.949886751863765, 0.9470985791559101, 0.9480590096012499, 0.9471289373829898, 0.9445509677706856, 0.9525843485235874, 0.9513851042179337, 0.9481789061802306, 0.9498853592845412, 0.9489876128730383, 0.9495274170099149, 0.9620661329584331, 0.9619451223160731, 0.5, 0.962328795861003, 0.9580458915049613, 0.9618555839641717, 0.9583161866401161, 0.7090697786409972, 0.962149997673045, 0.9621205513607476, 0.9619759701919766, 0.9621861059046617, 0.9619759701919766, 0.9617342858215849, 0.7784626527322493, 0.697330778264911, 0.9627491346692392, 0.9613151374439756, 0.9616394197311047, 0.9632098627671575, 0.9625112327237071, 0.9615850776960378, 0.9614590852138093, 0.9617646440486645, 0.9623302648074746, 0.962300607362198, 0.9625397671212225, 0.9622419932534477, 0.9616993680205951, 0.9630592530780044, 0.9623315989882147, 0.9617355436350774, 0.9619453334490522, 0.961975615308884, 0.9626073566276799, 0.9627878348950885, 0.9621265035138817, 0.96248724891572, 0.9609546031751165, 0.9620056950201187, 0.9613445837562733, 0.9613744523345289, 0.9622468897416866, 0.9624571692044851, 0.9621867303192169, 0.9624571692044851, 0.9626675834330151, 0.9627577551838536, 0.9622769020700556, 0.5, 0.9629988825225556, 0.9632685442587732, 0.9634786799714584, 0.9631791496569854, 0.9629988825225556, 0.9632984128370289, 0.9643497921822579, 0.9634791022374166, 0.9623370614925252, 0.968707734097509, 0.5, 0.5046211348963643, 0.9639593893351431, 0.9643801504093374, 0.9682268136008452, 0.5055470608222902, 0.9643801504093374, 0.9681365744671409, 0.9681669326942203, 0.5, 0.9685876263855488, 0.9686177060967838, 0.9684369493135303, 0.5, 0.5, 0.9682867618903357, 0.9686477858080185, 0.9685876263855488, 0.5, 0.9683469213128051, 0.5, 0.5, 0.9682867618903357, 0.9683467101798261, 