{"params": {"n_jobs": 1, "reg_alpha": 0.01417279912621834, "learning_rate": 0.1407149191730744, "min_child_weight": 0.0010287356153001576, "n_estimators": 3068, "subsample": 0.5465822966639059}, "target": 0.8765949434460101, "targets": [0.8033447821314296, 0.732614259328439, 0.7861319099556476, 0.8088957242067825, 0.6827076025661551, 0.753958851170656, 0.8237080144102302, 0.8301791593601179, 0.7201549563332077, 0.7827040537352299, 0.5, 0.7870728981981462, 0.8059804763986571, 0.7424975378300884, 0.8321317890258648, 0.795321198847196, 0.7860304268677587, 0.7996646893838564, 0.5, 0.7149800286170539, 0.7525249887111238, 0.7878529671730444, 0.7519262065980223, 0.8502124087613538, 0.7055355787819801, 0.5, 0.5, 0.6514241188971563, 0.8398677822394219, 0.68344495529641, 0.6140332319715346, 0.827308743618618, 0.7205412578098987, 0.7757269937377059, 0.5, 0.5542302491387122, 0.8432310272760448, 0.8115392528551917, 0.5, 0.8338690585607414, 0.8197603532874662, 0.8108949468780441, 0.8209445846906489, 0.6540811375952726, 0.7279942384954537, 0.5, 0.840505372390958, 0.8482576093673323, 0.869014200354955, 0.8395137841085327, 0.7408269279181228, 0.851626343861412, 0.8383769992271635, 0.8154744301790426, 0.8511033450112331, 0.861835261291886, 0.8113346560140645, 0.8449374534272094, 0.8537473183865559, 0.8166879237146898, 0.8351813623306062, 0.8230087689366068, 0.8259036446583445, 0.8286041118282444, 0.8247552025412144, 0.8489679954747464, 0.8340528385885679, 0.8467165542450935, 0.8300980034367059, 0.8137029930390804, 0.8295312865832809, 0.8188607381244888, 0.8251301387745628, 0.8508098791546702, 0.8221785940627969, 0.850276462913459, 0.8291263604825188, 0.8263662954140301, 0.8348999445304249, 0.8229138309710697, 0.838891413500256, 0.8462509027057905, 0.8399225779857842, 0.8363059688820534, 0.8388374982233385, 0.8226644514774186, 0.8327704393344872, 0.824373784076189, 0.832055188184172, 0.8324785053150707, 0.8178496088110195, 0.8228986204121927, 0.8337442340481847, 0.8504974832050454, 0.8360943058244132, 0.8483627580831137, 0.8275408641142755, 0.8556247712351709, 0.8490897877583482, 0.8482609290965144, 0.8533905306050281, 0.8376616762017914, 0.8439815511104426, 0.8379054763941649, 0.8608664034961466, 0.8442795406033875, 0.8477234339458347, 0.848006069129789, 0.8356131741947703, 0.848408295423733, 0.8339335754085244, 0.8255484875421659, 0.8127233225394968, 0.8288779378255604, 0.8415084022839737, 0.8394080783610619, 0.831252590871185, 0.8385284175107044, 0.847164219051454, 0.8266872220344487, 0.8483822856375849, 0.8340518503065383, 0.8291483093279627, 0.8585836427105307, 0.860074524550992, 0.8466360002752815, 0.8592667612183037, 0.8515351523832063, 0.8525054207269335, 0.8613000751274029, 0.8576847912200305, 0.863465751445632, 0.8583651919522218, 0.8565529477488104, 0.868003911081211, 0.8572764577923613, 0.8537571023786512, 0.854504117811843, 0.8580442159177014, 0.8737558337839, 0.8571622505733384, 0.8539562951139515, 0.8536093631995756, 0.8542736998565912, 0.8534503126834497, 0.8593646550455482, 0.864760477271939, 0.8525556793603407, 0.8543112905112528, 0.8686746401260832, 0.8581369122799074, 0.867005386855813, 0.8649237055257364, 0.8644961297977275, 0.8681368529829856, 0.8658128673601532, 0.8527114910067233, 0.8555996464106584, 0.8618003479830871, 0.8542212849714825, 0.8682669423434467, 0.8531796357120565, 0.8651471246473406, 0.8493212838394506, 0.8644652549686777, 0.8628329320009854, 0.8602390510480011, 0.8558481409426737, 0.8667516364602758, 0.8609100586087182, 0.8683465349843752, 0.8603433642162482, 0.8607456129711478, 0.8688220019611108, 0.8552270101791253, 0.8563429647706207, 0.8762779205396092, 0.8589680484826008, 0.8588467997541154, 0.8593407296360445, 0.8652506471899638, 0.8601620593856876, 0.8598240669314903, 0.8623628376847391, 0.8590046778083785, 0.8625546025821473, 0.8528850737608785, 0.854563733679196, 0.853781971148274, 0.8666736565159322, 0.8561239524884312, 0.8625115561614622, 0.8649860706140089, 0.8517978691920686, 0.861074558152581, 0.8608760931522298, 0.84979362874341, 0.8492171368822721, 0.8618454945030856, 0.865688819996647, 0.8544199521204311, 0.8509288728032512, 0.8467501333731521, 0.8638295380608074, 0.8631698732824782, 0.8647394538178503, 0.8588100491391794, 0.8656167293147631, 0.8526458241580332, 0.8545190723158305, 0.8613881130874954, 0.8660192790464624, 0.8618893562564451, 0.8666292242543097, 0.8757658466980509, 0.870011525165344, 0.865065636301791, 0.8610103872035086, 0.8608429228135563, 0.8653263271324925, 0.8672162098737279, 0.8629181892948212, 0.8600613309858941, 0.8647014206823711, 0.8639321127511203, 0.8586557872987072, 0.8617505385687843, 0.8651823254563661, 0.863092329080666, 0.8602951674985306, 0.8613893125025044, 0.861792693289547, 0.8610425467991971, 0.8637310916940646, 0.8651881653047242, 0.86631955955684, 0.8720669765919112, 0.8714962032899729, 0.8596751957202716, 0.8585463575248602, 0.8682064145613115, 0.8649922518688861, 0.8731766061784159, 0.8643082034775669, 0.8646654764157274, 0.8462979539147918, 0.8696452274153748, 0.8608048874319815, 0.8648601185614998, 0.8765949434460101, 0.8595000811289703, 0.8637740595014062, 0.8687330700550007, 0.8645521878497734, 0.8728708407027727, 0.8664947774685352, 0.8582917715817885, 0.8645153788363535, 0.8629911200164306, 0.8658149157992696, 0.8592497223376714, 0.8659683645531626, 0.8594584385179866, 0.8636577656596434, 0.8590631391826333, 0.8566301685128673, 0.8654105332536239, 0.5, 0.8576887263793858, 0.8634997932693682, 0.854230071697166, 0.8687816665777213, 0.8579495115460988, 0.8682772698906582, 0.8661064500136832, 0.8650643650117255, 0.8643131269189517, 0.8619320635167064, 0.8638672455124359, 0.862398069939102, 0.865106110943103, 0.8529335849319694, 0.8607879833170806, 0.8609286922171713, 0.8605060174695918, 0.8686582975350629, 0.8710305742116249, 0.864462056528654, 0.8629265807076927, 0.8730369484510296, 0.8656267199476462, 0.8695536765618854, 0.8582508117838437, 0.8572151461228887, 0.8743761873983977, 0.8677030645547619, 0.856739373677162, 0.8679982059985845, 0.859108730429545, 0.8566291577698824, 0.8648575625047954, 0.8544161247736609, 0.8626575883079408, 0.8659822813610187, 0.8572783242977403, 0.8597786553722203, 0.8651061468806315, 0.8704423532396695, 0.8400259837314401, 0.8591188558281596, 0.8629576666697213, 0.8610217524468515, 0.8186022394830171, 0.8344077396498569, 0.8469141387760001, 0.8665577714635541, 0.8694127879741529, 0.8354631215373068, 0.8352200984939839, 0.812580596645627, 0.8694761907585568, 0.8450575836001246, 0.8489623532827943, 0.8713653277960789, 0.86673535675993, 0.8150553626608721, 0.8626008025209458, 0.861540187230929, 0.8585519278417555, 0.800358413954686, 0.8256712636156065, 0.8229306362577675, 0.8409522735248407, 0.8685733636789823, 0.834760008287194, 0.8546458149939633, 0.8614024341925457, 0.8651664904829339, 0.8489321927121208, 0.8290542383552975, 0.8681912084946255, 0.8533589055800739, 0.8664864399619565, 0.8692729370825519, 0.8376532937733021, 0.8683325867311817, 0.864679501036169, 0.799469431807911, 0.856809959475046, 0.8626040818204084, 0.8109160332228076]}