{"params": {"kernel": "poly", "probability": true, "C": 0.03924938881598379, "degree": 3, "class_weight": null, "gamma": 0.00037716236858332673, "coef0": 9.17378353419217}, "target": 0.9880258064516129, "targets": [0.8493511111111112, 0.8701181362007169, 0.9367698924731183, 0.9849605734767024, 0.899198853046595, 0.9591068100358424, 0.880753835125448, 0.8327773476702509, 0.8873370609318997, 0.9002311111111112, 0.8699033691756274, 0.8989138351254482, 0.9878133333333332, 0.8997333333333334, 0.9008716845878137, 0.8882835842293908, 0.8328788530465949, 0.8762030107526881, 0.9509883870967742, 0.9873141218637992, 0.9875991397849463, 0.9509883870967742, 0.8989496774193549, 0.8338356989247313, 0.8989138351254482, 0.8328478853046594, 0.8328843010752689, 0.841578494623656, 0.9828929032258065, 0.8989496774193549, 0.96839770609319, 0.9662609318996417, 0.9800713978494624, 0.9873860931899643, 0.9538374193548387, 0.8989496774193549, 0.9150956272401434, 0.9087624372759855, 0.8351136917562725, 0.9871340501792115, 0.9576828673835125, 0.9461608602150537, 0.9874546236559139, 0.9875257347670251, 0.987526594982079, 0.9874927598566308, 0.9495546953405019, 0.987528028673835, 0.9873138351254479, 0.9853860931899641, 0.987528028673835, 0.9874924731182796, 0.98791770609319, 0.9879893906810036, 0.9876344086021506, 0.9875982795698924, 0.987669964157706, 0.9876702508960573, 0.9876702508960573, 0.9875265949820788, 0.9875265949820788, 0.987669964157706, 0.9876344086021505, 0.9876352688172043, 0.8679612903225806, 0.9876341218637992, 0.9878130465949819, 0.9875624372759855, 0.9876702508960573, 0.987528028673835, 0.9873141218637992, 0.9872412903225808, 0.987528028673835, 0.987528028673835, 0.9873476702508961, 0.9879205734767025, 0.9878494623655915, 0.9878486021505376, 0.9879205734767025, 0.9880258064516129, 0.9879902508960574, 0.9876344086021506, 0.9879205734767025, 0.9879205734767027, 0.9878850179211469, 0.9879205734767027, 0.9877419354838709, 0.9878488888888889, 0.9878847311827957, 0.9878133333333332, 0.9879202867383512, 0.9879202867383512, 0.9878847311827957, 0.9879205734767025, 0.9878850179211469, 0.9878133333333332, 0.9878130465949819, 0.9877774910394266, 0.9878133333333332, 0.9877774910394266, 0.9878133333333332]}