{"params": {"n_jobs": 1, "reg_alpha": 0.002098170927449384, "learning_rate": 0.15354186428266717, "min_child_weight": 0.0017717715463383596, "n_estimators": 3649, "subsample": 0.5012459124404873}, "target": 0.8732462506047411, "targets": [0.8153973149492018, 0.755850870827286, 0.7872859216255443, 0.7993208756652154, 0.6771846274794389, 0.7664199322689889, 0.8209518626028061, 0.840774068698597, 0.7011629172714079, 0.7963576439283987, 0.5, 0.8156881954523465, 0.8116509433962265, 0.7424582728592164, 0.8113413159167877, 0.7572822931785196, 0.7677836236090954, 0.8020627721335268, 0.5, 0.7280448717948718, 0.7761865021770682, 0.7896649733913885, 0.7535770440251572, 0.5, 0.8356585631349782, 0.5, 0.5, 0.82923137397194, 0.8606857764876633, 0.8414156990807934, 0.8426384857281082, 0.8356404208998548, 0.8557589501693276, 0.5636629172714078, 0.846246976294146, 0.8341122399612966, 0.8326360667634253, 0.8427146831156265, 0.8428985244315432, 0.8490729317851959, 0.8379178761490081, 0.8285746250604742, 0.8407704402515723, 0.7814048137397195, 0.8518571601354621, 0.8454438800193518, 0.8221692065795839, 0.8545192307692308, 0.8210002418964683, 0.8362173439767779, 0.8414078374455732, 0.8423572810836962, 0.8505793420416063, 0.8418650217706822, 0.8427812046444121, 0.8373990082244799, 0.8351015965166908, 0.8426300193517176, 0.8277104499274313, 0.838676221577165, 0.8310268505079825, 0.8242876149008225, 0.8528047895500727, 0.8464997581035316, 0.8546710208030962, 0.8569236816642476, 0.8586985970004838, 0.844343251088534, 0.8459536768263183, 0.8548300677310111, 0.8478731253023707, 0.8347327044025157, 0.8518105950653121, 0.8331936381228834, 0.8552044025157232, 0.8402019835510401, 0.8384349298500242, 0.8614435171746493, 0.8548234155781325, 0.8608575229801645, 0.8520664005805516, 0.8572937832607643, 0.8502189163038221, 0.844209603289792, 0.8540191098209966, 0.8499673439767779, 0.8451372762457667, 0.8532456458635703, 0.8524002177068215, 0.8491461054668601, 0.8501644895984519, 0.8407063376874697, 0.8348197871311079, 0.8529692791485244, 0.8538274068698597, 0.8514187227866472, 0.8586574746008708, 0.8497242380261248, 0.8510576923076923, 0.843487542331882, 0.8297206095791001, 0.8542059748427674, 0.8573820754716982, 0.8328888485728108, 0.8605466860183842, 0.8554753265602322, 0.8415850266086116, 0.8564302128688922, 0.8399050556361878, 0.8399153362360909, 0.8677830188679245, 0.8290426947266571, 0.8607855587808417, 0.8572308901790034, 0.8621075229801644, 0.853968916303822, 0.8545125786163522, 0.864080793420416, 0.8583170053217224, 0.8597133526850508, 0.8473070875665215, 0.8498778422835027, 0.8341920657958394, 0.8425925253991291, 0.8494998790517657, 0.8498318819545234, 0.8403785679729076, 0.8540686985970005, 0.8586211901306242, 0.8507952346395742, 0.8566527576197387, 0.8276197387518142, 0.845382801161103, 0.8482045234639575, 0.8466950895016933, 0.8607559264634735, 0.8658490566037736, 0.8600610788582486, 0.8555666424770199, 0.8641678761490083, 0.8564846395742624, 0.846909167876149, 0.8425876874697629, 0.8577231494920173, 0.8678894533139816, 0.855013909046928, 0.8643208756652154, 0.8635455974842768, 0.8482625786163522, 0.82239900822448, 0.8659567005321722, 0.8168378084179972, 0.5710858127721335, 0.5, 0.8150477745524916, 0.8469170295113692, 0.8606869859700048, 0.8339804063860667, 0.8299225931301404, 0.8341418722786648, 0.8605775278180939, 0.8197327044025158, 0.8582855587808418, 0.8382498790517658, 0.8596026850507983, 0.8324951620706338, 0.8536447750362844, 0.8618571601354621, 0.5, 0.8580436623125303, 0.8482831398161587, 0.8534609337203676, 0.8411326802128689, 0.8539423076923077, 0.8572145621673923, 0.8401360667634254, 0.8550961538461539, 0.8389308176100629, 0.8503610304789551, 0.7924764150943397, 0.7866086115142719, 0.8562246008708273, 0.8381924286405418, 0.8557444363812289, 0.8621903725205611, 0.8230605950653119, 0.8610286647314949, 0.8628646589259796, 0.8500507982583454, 0.8484282776971457, 0.8610716013546202, 0.8542398403483309, 0.8600175374939527, 0.8699594823415577, 0.858848572810837, 0.8488763909046927, 0.8633254716981131, 0.8601735607160135, 0.8651300193517175, 0.8642731011127237, 0.8514937106918239, 0.870662191582003, 0.8665148766328011, 0.8632395984518626, 0.8554729075955491, 0.8592404450895017, 0.8568740928882438, 0.8555176584421869, 0.8703053942912433, 0.8595887760038703, 0.8505763183357523, 0.8667029511369133, 0.861201015965167, 0.8603906627963231, 0.8577092404450897, 0.864441823899371, 0.864628084179971, 0.8275695452346395, 0.8594043299467827, 0.8257256894049346, 0.8574679487179487, 0.869179366231253, 0.8554354136429609, 0.8512191582002903, 0.8507474600870827, 0.8485383405902274, 0.7793734881470732, 0.8574485970004837, 0.8537832607643928, 0.8279281567489114, 0.8223808659893566, 0.8555781325592646, 0.8566630382196421, 0.8578180938558295, 0.8600338655055635, 0.8561617077890663, 0.8614380745041123, 0.8555188679245284, 0.8527987421383647, 0.8604281567489114, 0.8565390662796324, 0.7634784712143203, 0.8520597484276731, 0.858225084663764, 0.8685637397194, 0.8559179970972423, 0.8528059990324142, 0.8572943880019352, 0.8633333333333333, 0.866982946298984, 0.8683037010159651, 0.861594702467344, 0.8689791969037252, 0.8637663280116111, 0.8493148282535075, 0.861381228834059, 0.8647641509433962, 0.8596915820029029, 0.8606537252056119, 0.8564320270924044, 0.8473288582486695, 0.8493414368650217, 0.866225205611998, 0.8577805999032414, 0.8558024915336236, 0.8395095549104983, 0.8550435413642962, 0.8544109820996614, 0.8577340348330914, 0.8552273826802128, 0.8618849782293179, 0.8692737058538945, 0.8550943396226416, 0.8573542573778422, 0.858219641993227, 0.8568529269472664, 0.5, 0.8531603773584907, 0.8201844460570877, 0.8594720609579101, 0.855030237058539, 0.8551076439283986, 0.8623040638606676, 0.8395186260280599, 0.8203380503144654, 0.8490693033381713, 0.8589277939042089, 0.8573887276245766, 0.8646329221093373, 0.864236816642477, 0.8618928398645378, 0.8635697871311081, 0.8581694484760523, 0.8586030478955007, 0.8562760038703436, 0.8526536042573779, 0.8573258345428156, 0.8542978955007257, 0.8303138606676344, 0.8619073536526367, 0.8473893323657474, 0.8394756894049348, 0.864633526850508, 0.8619152152878569, 0.8576390904692792, 0.8574280358006773, 0.8603090227382679, 0.8603955007256895, 0.8594031204644412, 0.864132801161103, 0.8557008950169328, 0.864422472181906, 0.8625858732462508, 0.8616890420899855, 0.8372073052733431, 0.8611103047895501, 0.8658484518626028, 0.8639900822447993, 0.8731863812288341, 0.8708805031446542, 0.8572067005321722, 0.8668341799709725, 0.855295718432511, 0.864912312530237, 0.8653985244315434, 0.8455400338655055, 0.8592604015481374, 0.8569708514755685, 0.8593347847121432, 0.8553386550556363, 0.8264537977745524, 0.8470391872278664, 0.8612131107885824, 0.8703422835026607, 0.8663165215287856, 0.8255358006773102, 0.8594908079342041, 0.8524425495887759, 0.84822206095791, 0.8568432510885341, 0.8588382922109336, 0.8577908805031447, 0.8695234639574261, 0.8558436139332366, 0.8485244315432994, 0.8552582244799225, 0.8577201257861635, 0.855590832123851, 0.8636611030478955, 0.8732462506047411, 0.8537100870827287]}