{"params": {"n_jobs": 1, "reg_alpha": 0.014523830949668734, "learning_rate": 0.1305863702757981, "min_child_weight": 0.003222962217628937, "n_estimators": 3871, "subsample": 0.5098670147090496}, "target": 0.8665132806708081, "targets": [0.8042155584528465, 0.769690927218345, 0.8069081217884808, 0.8029520413119615, 0.7105357005905362, 0.7760283252805685, 0.8261293043945088, 0.8263900605874683, 0.7588069125955467, 0.7977714293018382, 0.5, 0.783925147634021, 0.7916666666666667, 0.7791522867295548, 0.8313789401027686, 0.7896400541963852, 0.795359434516962, 0.7994190505406855, 0.5, 0.7490416570800419, 0.7814958969246109, 0.8184459442186262, 0.7845616995168342, 0.8296590996242044, 0.7493116803435846, 0.5, 0.5, 0.6950612904875118, 0.8367020732673772, 0.6878754761356953, 0.6432692307692307, 0.8300598205383849, 0.7725272899250966, 0.7957620727560907, 0.5, 0.6203728557915995, 0.8494784876140808, 0.82683296265051, 0.5, 0.8214785131784135, 0.8039471329600941, 0.8065885676304421, 0.8136705268808958, 0.6647985530587724, 0.8403916455760921, 0.8450935654574737, 0.8430087941304294, 0.8443368612112382, 0.8204322928649947, 0.8206061303269678, 0.8281424955901526, 0.8606545747373264, 0.8582988214842653, 0.813522253751566, 0.8153967584426208, 0.8474429276273743, 0.8334918321957205, 0.8503425620574175, 0.8355440089986452, 0.8381892783188896, 0.827452258608789, 0.8248945471278472, 0.8281341871820436, 0.8261459212107267, 0.8378984840350743, 0.8391447452514254, 0.8270189431704885, 0.8336918730986527, 0.8395083978832731, 0.828097118899711, 0.817742925070941, 0.8327562185239155, 0.8243589743589743, 0.8235006518904825, 0.8239914870772298, 0.8313942787023546, 0.8335710816269142, 0.8212752767339009, 0.8300182784978398, 0.8208553825702382, 0.8323420763350973, 0.8409476698110796, 0.8272272924815297, 0.8300764373546029, 0.8403366822609095, 0.8400145716696065, 0.8420955083467547, 0.8416468543088683, 0.834387222946545, 0.837185878262648, 0.829771582687834, 0.8321669606564921, 0.8280070046271444, 0.8284709972646164, 0.8402529590715033, 0.8331601349796763, 0.8400867909093233, 0.8298572232021882, 0.840555257305008, 0.8449619091443618, 0.8319157910882737, 0.8422540072091419, 0.8385184191016692, 0.8522209013983689, 0.8506812894649384, 0.853047268451057, 0.8448564562722091, 0.8532741519032646, 0.8408978193624256, 0.8439118541810465, 0.8556068972569472, 0.8524906051077534, 0.8473969118286167, 0.8484054247513869, 0.8629138226346601, 0.8530977580080272, 0.8493366055679117, 0.853904951811233, 0.8506173786333309, 0.841198200270982, 0.8343776363218038, 0.8578431372549019, 0.8569451900708133, 0.8517952552598613, 0.8305365953421786, 0.8593341769563105, 0.8360578520847713, 0.8509094511337782, 0.8601509573842574, 0.8647985530587725, 0.8598128690850524, 0.8579326124191529, 0.8574929058976914, 0.8502089884193573, 0.8508845259094512, 0.8587660096633177, 0.8544980443285528, 0.8542909732341437, 0.8593265076565174, 0.8576194493442749, 0.856754735792622, 0.853880026586906, 0.8563060817547358, 0.8534499066901858, 0.8538838612368025, 0.8539579978014673, 0.8498255234297108, 0.8579818237594907, 0.8528938824551986, 0.8509529104992714, 0.8490208860597693, 0.854194467878416, 0.8571292532658434, 0.8582694225017257, 0.855084745762712, 0.8501572206457549, 0.8379151008512924, 0.8469163023749264, 0.8418724595444436, 0.8470255898969757, 0.8433040621724569, 0.8534320116573356, 0.8557468619781681, 0.8521569905667612, 0.852732827159547, 0.8320052662525246, 0.8517345399698341, 0.8450481887670322, 0.8435993302144847, 0.8475554106910039, 0.8451907099215175, 0.8568135337577012, 0.8601343405680394, 0.8562453664647085, 0.8423901372804663, 0.835602806963724, 0.8537707390648567, 0.8412001175959303, 0.8522356008896388, 0.8599930976301863, 0.851997852596058, 0.8460924917555026, 0.839688626428407, 0.851049415854999, 0.8385190582099854, 0.8410358667586981, 0.8518125111843956, 0.8581435181634582, 0.8558682925582227, 0.8384775161694403, 0.8536723163841806, 0.8506090702252218, 0.8584771327044509, 0.8567585704425186, 0.8571254186159469, 0.8535802847866656, 0.8576188102359588, 0.8577920085896158, 0.8593150037068282, 0.8525334253649308, 0.856068333461155, 0.8582393844108699, 0.8518233760257689, 0.8604328041516476, 0.8600327223457832, 0.8553589232303092, 0.8502844032006545, 0.8648432906408978, 0.8556235140731652, 0.8594492164532046, 0.858512283661835, 0.8545632333767926, 0.8534511849068181, 0.8544411636884218, 0.8604372779098602, 0.8543555231740676, 0.8497302962906155, 0.8601413707595164, 0.859956029347854, 0.8544718408875938, 0.8591283840785338, 0.8556599432471815, 0.8544999616535011, 0.8568224812741263, 0.8483645218191578, 0.8631694659610911, 0.8552368535419383, 0.8513044200731141, 0.8581499092466192, 0.8554777973770994, 0.8508148631029988, 0.8481139913592555, 0.8546143620420787, 0.8557142674540481, 0.8457575989978782, 0.8542519876268629, 0.8607050642942966, 0.8531968197970192, 0.8532747910115805, 0.8471457422603983, 0.8587251067310888, 0.8621226065393562, 0.8570474474013855, 0.8581467137050389, 0.8519927397295293, 0.8585020579287779, 0.8646675358539765, 0.8665132806708081, 0.8603835928113096, 0.8547121456144386, 0.8532338880793515, 0.8545299997443566, 0.857595163228264, 0.8521934197407777, 0.8534377636321804, 0.8525398164480917, 0.8468070148528775, 0.8558676534499068, 0.8188888462816679, 0.86018802566659, 0.836096198583736, 0.8496267607434108, 0.845755042564614, 0.8589296213922335, 0.8510487767466829, 0.85465654319094, 0.8501431602628013, 0.856249201114605, 0.8513951734539971, 0.8359191655801824, 0.8532025717718639, 0.8542308970524324, 0.8544712017792776, 0.857984380192755, 0.851949280364036, 0.8552272669171972, 0.8613422552854259, 0.8520815757854642, 0.856951581153974, 0.8596697088222512, 0.8616036505867015, 0.847671089296214, 0.8588957486514814, 0.855474601835519, 0.8619909502262445, 0.8545817675179588, 0.8553033208068104, 0.8538026944806607, 0.8545728200015338, 0.8592498146585884, 0.8615154536390828, 0.8558011861850346, 0.8490272771429301, 0.8608840146227983, 0.8619545210522279, 0.8578865966203952, 0.5, 0.861195260372728, 0.5, 0.8611128153999539, 0.8481715111077024, 0.8571330879157399, 0.8529622670450188, 0.8342613186082778, 0.8608955185724877, 0.8524605670168981, 0.8103957358693151, 0.5, 0.8536256614771072, 0.8610623258429838, 0.8323050080527649, 0.8102870874555819, 0.8504237288135593, 0.8576692997929289, 0.8568474064984534, 0.8520131911956439, 0.8524247769511977, 0.8520598461027176, 0.8550994452539816, 0.8591488355446482, 0.8311316051844466, 0.8507899378786716, 0.8570122964440013, 0.8636372932484597, 0.8426221335992026, 0.8405782652043868, 0.844682618810236, 0.8404504435411713, 0.8414020758238105, 0.8612233811386355, 0.8513651353631413, 0.8565310478819951, 0.8397812971342382, 0.827964184369967, 0.8188581690824961, 0.8466453204489097, 0.852006800112483, 0.8628173172789324, 0.8441981747066493, 0.8151928828897921, 0.8405009330981414, 0.8449235626453971, 0.8511778766265309, 0.851255208732776, 0.8492982590689471, 0.8473259708055322, 0.8644866682005267, 0.8578150164889946, 0.8583461154996549, 0.8525474857478846, 0.854277551959506]}