{"params": {"n_jobs": 1, "reg_alpha": 0.0015435351088114537, "learning_rate": 0.19693793611764498, "min_child_weight": 0.002266209408668483, "n_estimators": 3589, "subsample": 0.6184365749828435}, "target": 0.9220151971326166, "targets": [0.8860037275985663, 0.8682827240143369, 0.8718658064516129, 0.8871951254480288, 0.8372547670250896, 0.8707022222222222, 0.9022592114695339, 0.8913921146953404, 0.8337493906810035, 0.8789144086021505, 0.5, 0.8815848028673836, 0.8806870250896057, 0.8761516845878136, 0.8978460215053763, 0.8659211469534049, 0.8770959139784946, 0.8788258064516128, 0.5, 0.8661364874551971, 0.8779073835125448, 0.8893536917562723, 0.8702420071684589, 0.9113677419354838, 0.8402672401433691, 0.5, 0.5, 0.839095770609319, 0.9033052329749104, 0.6917618637992831, 0.8040967741935484, 0.8904074551971327, 0.8174855913978496, 0.8688080286738351, 0.5, 0.7863493906810036, 0.9149327598566309, 0.8941241577060932, 0.5, 0.8975739068100358, 0.8948705376344087, 0.8932097491039427, 0.8930164874551971, 0.7247531182795698, 0.9142537634408603, 0.9151059498207885, 0.9069473835125448, 0.9104358422939068, 0.9100880286738352, 0.9045333333333335, 0.839631541218638, 0.9155443727598567, 0.9154663799283153, 0.7928212186379929, 0.8952559139784947, 0.9083796415770611, 0.9111896774193549, 0.9129367741935484, 0.9083612903225806, 0.9107501075268818, 0.9031248745519713, 0.9035810752688171, 0.9109000716845879, 0.9052189247311828, 0.9108389964157707, 0.9132281003584228, 0.9091561290322581, 0.9122563440860215, 0.9115280286738351, 0.9038431541218637, 0.9091630107526882, 0.9101534050179211, 0.9095489605734768, 0.9068074551971327, 0.9076883154121862, 0.9119753405017921, 0.9077846594982079, 0.9084260931899643, 0.9127400716845878, 0.9078910394265233, 0.900641146953405, 0.907506523297491, 0.9103263082437276, 0.9159182795698925, 0.9082695340501793, 0.9079105376344087, 0.9072745519713262, 0.9089175627240144, 0.9142924731182795, 0.9178465949820789, 0.9050205017921147, 0.9171632974910395, 0.9088650896057346, 0.9111630107526881, 0.9137634408602151, 0.9088940501792114, 0.9073384946236558, 0.9101617204301077, 0.9071056630824372, 0.9041797849462366, 0.910112688172043, 0.906958853046595, 0.9109344802867383, 0.9059228673835126, 0.9092639426523299, 0.9054397132616486, 0.9152091756272401, 0.917631541218638, 0.9069665949820788, 0.9166256630824373, 0.9106921863799282, 0.9184908960573477, 0.9103039426523297, 0.9099518279569893, 0.9127526881720429, 0.9181852329749104, 0.910420358422939, 0.9081812186379927, 0.9075079569892474, 0.9094523297491041, 0.9075578494623656, 0.906734623655914, 0.9175280286738351, 0.9108673835125449, 0.9101086738351254, 0.9094540501792115, 0.9188478853046596, 0.9116493189964157, 0.9109221505376344, 0.9094893189964157, 0.9115701792114695, 0.9132424372759858, 0.9134494623655914, 0.9115876702508959, 0.9096298207885305, 0.9061450896057346, 0.9108559139784946, 0.9141178494623656, 0.9054044444444445, 0.9090299641577062, 0.9092610752688174, 0.9075632974910395, 0.9081485304659498, 0.9063354838709679, 0.9093729032258064, 0.9129192831541217, 0.9119231541218638, 0.9125181362007169, 0.9201218637992831, 0.9152475985663082, 0.9094359856630824, 0.9120559139784946, 0.9079182795698925, 0.9108120430107526, 0.90919541218638, 0.9167721863799283, 0.9105648745519712, 0.9157651612903226, 0.9086417204301075, 0.914700788530466, 0.9066457347670251, 0.9111658781362009, 0.9046643727598566, 0.9174199283154121, 0.9148676702508961, 0.9162953405017922, 0.9172863082437276, 0.913940358422939, 0.9128877419354839, 0.9107354838709678, 0.9090382795698926, 0.9145103942652328, 0.9149132616487456, 0.9090374193548388, 0.9062351254480288, 0.9135182795698924, 0.9111300358422939, 0.9104077419354839, 0.9137763440860216, 0.9131303225806452, 0.9151197132616489, 0.9192367025089606, 0.913028817204301, 0.911969605734767, 0.9118950537634408, 0.914365017921147, 0.9084963440860216, 0.9176748387096774, 0.9111383512544803, 0.9108444444444446, 0.9099733333333335, 0.912578064516129, 0.9032974910394266, 0.9001078136200716, 0.9095873835125449, 0.9083202867383513, 0.9112295340501791, 0.9098577777777777, 0.9124794265232976, 0.9174210752688172, 0.9194110394265232, 0.9155822222222222, 0.9136802867383512, 0.9135727598566309, 0.9157737634408603, 0.9156418637992833, 0.9181442293906809, 0.9149247311827956, 0.9160931899641577, 0.9152266666666666, 0.915482724014337, 0.9076068817204301, 0.910946523297491, 0.9105754838709679, 0.9126818637992831, 0.9194609318996415, 0.9125178494623656, 0.9203343369175627, 0.9130133333333333, 0.9137542652329749, 0.9136478853046596, 0.9107589964157707, 0.9172329749103942, 0.9107535483870967, 0.9159836559139786, 0.9100917562724014, 0.9128897491039426, 0.9107217204301076, 0.9141766308243728, 0.91217146953405, 0.9108028673835126, 0.917170752688172, 0.90736229390681, 0.9140731182795699, 0.9112734050179212, 0.9157797849462366, 0.9145066666666667, 0.9096192114695342, 0.9162741218637993, 0.9096281003584229, 0.9139627240143369, 0.9152129032258065, 0.9158959139784946, 0.9117740501792115, 0.8806205017921146, 0.9131727598566307, 0.882973476702509, 0.9170990681003584, 0.9181671684587813, 0.9121287455197132, 0.916439569892473, 0.9145353405017922, 0.9141393548387097, 0.9133327598566309, 0.9142589247311829, 0.9171974193548387, 0.9132223655913979, 0.9142907526881722, 0.915411899641577, 0.9134032974910393, 0.9110537634408601, 0.9183159856630825, 0.9146408602150539, 0.9158830107526882, 0.9070666666666668, 0.9103512544802868, 0.9106686738351254, 0.9125370609318997, 0.9104057347670251, 0.9118104659498207, 0.9075025089605735, 0.5, 0.9143882437275985, 0.893772329749104, 0.9104369892473118, 0.9152857347670251, 0.9174540501792114, 0.9017938351254481, 0.9141829390681003, 0.9155027956989248, 0.9039942652329749, 0.9170620788530466, 0.9148951971326165, 0.8800088888888891, 0.9166669534050179, 0.9115374910394266, 0.9106543369175627, 0.9110695340501792, 0.9151693189964158, 0.9088736917562723, 0.9094164874551971, 0.9171460931899642, 0.5, 0.9114758422939069, 0.9103217204301075, 0.920012329749104, 0.5, 0.9214322580645161, 0.9098047311827958, 0.9119501075268817, 0.9035340501792115, 0.916343799283154, 0.9143217204301075, 0.9091776344086021, 0.9105749103942653, 0.9174222222222224, 0.9125892473118279, 0.9135515412186379, 0.9058035842293908, 0.917281146953405, 0.9220151971326166, 0.9109568458781363, 0.905893906810036, 0.9050311111111112, 0.9080533333333334, 0.9092986379928314, 0.9084800000000002, 0.90040688172043, 0.8881703225806451, 0.9032567741935484, 0.9056524731182796, 0.8944759856630824, 0.905345376344086, 0.9148364157706093, 0.9121313261648746, 0.9135277419354839, 0.9132639426523298, 0.9107225806451613, 0.9085241577060932, 0.9100137634408603, 0.9139704659498207, 0.9175068100358423, 0.8984983512544803, 0.8733103942652329, 0.9118526164874552, 0.9170124731182796, 0.9199380645161291, 0.9135913978494624, 0.5, 0.8907767741935485, 0.912965734767025, 0.915710394265233, 0.9197654480286737, 0.9079197132616488, 0.9126686738351253, 0.9131632974910395, 0.9176777060931901, 0.9163168458781362, 0.9186021505376344, 0.9155813620071684, 0.8800593548387097]}