{"params": {"kernel": "rbf", "probability": true, "C": 2.6305381471826057, "class_weight": null, "gamma": 0.00010887391369224949}, "target": 0.9732151174396166, "targets": [0.9649635704305011, 0.5, 0.5, 0.5, 0.5, 0.5, 0.5, 0.9039085545722714, 0.5174340719054273, 0.8767586832124559, 0.5043937276820369, 0.5864626998913212, 0.5, 0.5, 0.8779638532171136, 0.5026393417171248, 0.5, 0.9026864728192162, 0.5, 0.5, 0.5, 0.6873498735777497, 0.9567538869297136, 0.5, 0.5, 0.8245378379577261, 0.918049825892164, 0.5, 0.832870478186617, 0.5, 0.5, 0.5008771929824561, 0.5, 0.9115476744959743, 0.9364636702375406, 0.5, 0.5, 0.9353286424024663, 0.5, 0.8990496151884135, 0.5218355623572205, 0.9161399072903498, 0.9546526715017633, 0.9704895535298423, 0.968671679197995, 0.9668845787033957, 0.9698313815512233, 0.9683270676691731, 0.9653783241289065, 0.9593571872158272, 0.9698940381928273, 0.9656608334996785, 0.9581960986537139, 0.9658488034244904, 0.9611459511610885, 0.9650334353583073, 0.9674487657196087, 0.9647514804710893, 0.9703329119258323, 0.9620236986270987, 0.9550286113513874, 0.921413600372613, 0.9217271608224099, 0.9223878279770222, 0.9274438862643333, 0.921601847539202, 0.9650334353583073, 0.9624939006809058, 0.968922860247965, 0.9695494266640052, 0.968860203606361, 0.9718383347749905, 0.9717756781333866, 0.9690168452103711, 0.9713994610419855, 0.968577694235589, 0.9695494266640052, 0.9684523809523811, 0.9719325969791737, 0.9716503648501786, 0.9072451593585734, 0.9048094517266616, 0.9047814503071837, 0.9097899616297381, 0.9066639219730744, 0.9037887861246034, 0.9046539190897598, 0.9038357786058064, 0.9071036274314104, 0.9047479040521658, 0.9043722414443188, 0.9071978896355934, 0.9062231075476301, 0.9071508971543905, 0.9068518918978864, 0.9103547031295053, 0.9071978896355934, 0.9091452358773038, 0.9115163461751724, 0.9066639219730744, 0.9087365814979927, 0.9087049759354138, 0.9062074433872291, 0.9087049759354138, 0.9043375862221927, 0.9044351753276999, 0.9087670780934637, 0.9039610918890146, 0.9065537183667132, 0.9388781688735112, 0.9086247144409697, 0.9047341805842037, 0.9099468804755251, 0.9417634240468427, 0.942641725996407, 0.9406968749306894, 0.938000698649278, 0.9390664160401002, 0.9387528555903032, 0.9366835229667089, 0.9382516024574711, 0.9387841839111051, 0.9404151972852486, 0.9389721538359173, 0.9156655466098875, 0.9390664160401002, 0.9382829307782732, 0.9377811231618871, 0.9393175970900703, 0.937498891032892, 0.9411354714219176, 0.9353657928005855, 0.9383769157406793, 0.9387528555903032, 0.9399444407478874, 0.9410414864595115, 0.9402585556812385, 0.9395055670148823, 0.9408535165346995, 0.9414803601925168, 0.9450246190697984, 0.9425474637922241, 0.9433941601792091, 0.9458713154567835, 0.9401016368354516, 0.9453379022778183, 0.9468754851731097, 0.9716816931709806, 0.9324123361501098, 0.9706154212966045, 0.9718070064541886, 0.9718383347749905, 0.9718070064541886, 0.9718383347749905, 0.9309033091578505, 0.9703642402466344, 0.9718383347749906, 0.9704895535298423, 0.9695494266640052, 0.9704582252090402, 0.9718383347749906, 0.9715247743251935, 0.9716503648501786, 0.9716503648501786, 0.9716503648501786, 0.9701449420010203, 0.9718696630957926, 0.9718383347749905, 0.9718383347749905, 0.9712112138753964, 0.9716503648501786, 0.9716816931709806, 0.9698313815512233, 0.9716816931709806, 0.9718383347749906, 0.9690795018519751, 0.9704895535298423, 0.968577694235589, 0.9682017543859651, 0.9718383347749905, 0.9715561026459956, 0.9718383347749906, 0.9717756781333866, 0.9711485572337925, 0.9717756781333866, 0.9713994610419855, 0.9712425421961985, 0.9719639252999756, 0.9579138665247189, 0.9556252356555104, 0.9713681327211836, 0.9715874309667974, 0.9598273892696343, 0.9716816931709806, 0.9581960986537139, 0.9594511721782333, 0.9595767627032183, 0.9572870228669018, 0.9606444207864795, 0.9581960986537139, 0.9613965777275046, 0.9605185530197176, 0.9601101758821834, 0.9592629250116442, 0.9589806928826491, 0.9591689400492381, 0.9588864306784661, 0.9584786080244859, 0.9604240135737573, 0.9578198815623129, 0.9597960609488323, 0.9573810078293077, 0.9602044380863664, 0.958415674141105, 0.9571927606627189, 0.9590746778450552, 0.9561896999135004, 0.9597647326280303, 0.9589180362410452, 0.9578512098831149, 0.9572240889835207, 0.9574749927917138, 0.9592629250116442, 0.9600788475613813, 0.5070017410783596, 0.9613025927650986, 0.8902107314747043, 0.9592942533324462, 0.9620863552687027, 0.8959967673608802, 0.9623369818351188, 0.9637173686428462, 0.963592055359638, 0.9653469958081043, 0.8883152294452946, 0.5, 0.9660683789118816, 0.5070017410783596, 0.8880472752678156, 0.5, 0.5, 0.9654096524497084, 0.8953226539800829, 0.9156450307183889, 0.9655352429746934, 0.5, 0.893487867899838, 0.5, 0.9681390977443609, 0.8775582484973494, 0.5035008705391799, 0.5043858262913922, 0.8883152294452946, 0.9143564109388516, 0.9674174373988066, 0.9666331204116487, 0.9669472353449997, 0.8831424523698626, 0.5122179064918935, 0.5, 0.5, 0.9670728258699846, 0.5, 0.9679508505777719, 0.9678568656153658, 0.5, 0.9716503648501786, 0.9718383347749905, 0.9718383347749906, 0.9712741477587775, 0.9719325969791737, 0.9717756781333866, 0.9718383347749905, 0.9717443498125846, 0.9718070064541886, 0.9716816931709806, 0.9718070064541886, 0.9718383347749905, 0.9718696630957926, 0.9711798855545946, 0.9709919156297826, 0.9714621176835895, 0.9716816931709806, 0.9717130214917826, 0.9712112138753964, 0.9718696630957926, 0.9718383347749906, 0.9705524874132234, 0.9716816931709806, 0.9718696630957926, 0.9718696630957926, 0.9719325969791737, 0.9718696630957926, 0.9073288863752301, 0.9718383347749906, 0.9718070064541886, 0.9718070064541886, 0.9718070064541886, 0.9729941557433408, 0.9724610198061526, 0.9719639252999756, 0.9715561026459956, 0.9732151174396166, 0.9718383347749905, 0.9700509570386142, 0.9718383347749905, 0.9718070064541886, 0.9718696630957926, 0.9681390977443609, 0.9718070064541886, 0.9673861090780047, 0.5, 0.9679195222569698, 0.9661942466786435, 0.9663195599618515, 0.9693240290992969, 0.9693256925499589, 0.9672294674739949, 0.9669785636658016, 0.9669472353449997, 0.8262087741477588, 0.86465222791492, 0.9662882316410496, 0.9664451504868365, 0.9676056845653959, 0.9673861090780047, 0.9664764788076387, 0.9663822166034557, 0.7444740169006587, 0.9660057222702774, 0.9661942466786435, 0.9661629183578416, 0.9511685740900925, 0.9674764898973096, 0.9662569033202475, 0.5, 0.7825318273560006, 0.9653084592011, 0.9677886641382217, 0.8648726351276421, 0.9514815800563354, 0.9676955109011466, 0.9517951405061325, 0.802244826668441, 0.9604481336083571, 0.5, 0.8604489653336881, 0.9558084924701135, 0.9360514117151286, 0.9516687182558166, 0.9507635238538825, 0.7419207587552952, 0.7325473528955131, 0.9436453412291792, 0.9479057156164747, 0.9467152394259987, 0.9413245503138377, 0.9488500011089671, 0.9488813294297691, 0.9449309113491694, 0.9366496994699137, 0.9526748286645818, 0.9500726373455762, 0.9517627032182224, 0.9478444451837558, 0.948941768137157, 0.9430179430878081, 0.9403225985317276, 0.9390672477654313, 0.9388792778406193, 0.9500058220773173, 0.9498525073746313, 0.9474393949475459, 0.9498533390999622, 0.9517663073613237, 0.9509196109743385, 0.9432372413334219, 0.9464959411803846, 0.958415119657551, 0.9498533390999622, 0.9542448488477833, 0.9509478896355935, 0.9522367866569077, 0.9546834453390114, 0.952895235877304, 0.9555611928050214, 0.9510141504202986, 0.9613965777275046, 0.9610206378778805, 0.9597006897775412, 0.9320036817707986, 0.9613339210859004, 0.9629646572182669, 0.9637800252844502, 0.9623683101559208, 0.9289221394193449, 0.9320979439749817, 0.9324749927917138, 0.9303366269656441, 0.9276057954621066, 0.9660999844744605, 0.9652216825248964, 0.9327575021624858, 0.9651590258832922, 0.9656608334996785, 0.9323491250249518, 0.9309662430412313, 0.9325695322376738, 0.9306199680617473, 0.9305886397409452, 0.9670728258699846, 0.9666017920908466, 0.9662882316410496, 0.9669472353449997, 0.9663508882826536, 0.908664360015082, 0.9324749927917138, 