{"params": {"kernel": "poly", "probability": true, "C": 397.02376168968317, "degree": 3, "class_weight": "balanced", "gamma": 0.00022880166675461747, "coef0": 9.080906157902193}, "target": 0.9816517984127472, "targets": [0.8580927136122194, 0.8870561153724035, 0.8761530645817149, 0.9535811567320064, 0.8266029081007321, 0.9477340759464191, 0.8968312848043732, 0.8052504055100856, 0.8994756445081258, 0.8274123829582084, 0.886665434009444, 0.8262430072308102, 0.9816218624516259, 0.8269325855093058, 0.8279835336041945, 0.8472333673482039, 0.8052520182066706, 0.8943361916246513, 0.8627759665263486, 0.9790365391225816, 0.9815335819132169, 0.8627759665263486, 0.8262730869420452, 0.8085897431059692, 0.8262430072308102, 0.8053409231596348, 0.8052205369318299, 0.8121940436062376, 0.9318890444983866, 0.8262728758090659, 0.8851628500113113, 0.8794210167697084, 0.9607107266154952, 0.9815004879417912, 0.8645481763231704, 0.8262728758090659, 0.839627782440672, 0.9178293804747455, 0.8097008506233274, 0.9775025097871366, 0.8680619681582717, 0.8765580760341068, 0.9669355377772604, 0.8450791685780941, 0.9815623274437115, 0.9816222083503362, 0.9815011887235944, 0.9812038281373956, 0.9368522911881361, 0.9102891389781489, 0.9811732587773371, 0.9811735372931818, 0.9811735372931818, 0.9812038281373956, 0.9813234462005319, 0.9811732587773371, 0.9812033384885719, 0.9811732587773371, 0.9815034348191165, 0.9815337930461961, 0.9814134068183915, 0.9813531800130562, 0.9813835382401358, 0.9815037133349612, 0.9815335145303512, 0.9035673342601621, 0.9813835382401358, 0.9814136179513705, 0.9813531800130562, 0.9815337930461961, 0.9813835382401358, 0.9816517984127472, 0.9813531800130562, 0.9814134068183915, 0.9813531800130562, 0.9815297994883574, 0.9807484457468204, 0.980628692917953, 0.9807783143250761, 0.9798174705981604, 0.9798776300206298, 0.9804786492448716, 0.9798475503093952, 0.9804184224395364, 0.9804786492448716, 0.9805085178231273, 0.9804784381118926, 0.9801779284997718, 0.9803286055717904, 0.9804482910177921, 0.9800883227650047, 0.980538876050207, 0.9816203171379065, 0.981650396849141, 0.9815900262936926, 0.9815596680666131, 0.9816203171379065, 0.9804784381118926, 0.9808083940363108, 0.9805687446284626, 0.9805384537842488]}