{"params": {"kernel": "rbf", "probability": true, "C": 3244.095960054631, "class_weight": null, "gamma": 0.00010012214228681335}, "target": 0.9857846594982078, "targets": [0.9748665232974911, 0.5, 0.5, 0.5, 0.5, 0.5, 0.5, 0.8241889605734766, 0.5040064516129033, 0.8433333333333334, 0.5, 0.5363522580645161, 0.5, 0.5, 0.840276129032258, 0.5, 0.5, 0.8289124014336917, 0.5, 0.5, 0.5, 0.5728434408602151, 0.9796518996415771, 0.5, 0.5, 0.7773568458781362, 0.8581399283154122, 0.5, 0.7899349103942652, 0.5, 0.5, 0.5, 0.5, 0.8216897491039428, 0.963274551971326, 0.5, 0.5, 0.9664536200716844, 0.5, 0.7751409318996415, 0.5026020071684588, 0.9409820788530467, 0.9315297491039425, 0.7917665949820789, 0.7914098924731181, 0.9840011469534051, 0.9851068100358422, 0.9841081003584229, 0.9856777060931898, 0.7857734767025091, 0.9853565591397849, 0.9853924014336917, 0.7937293189964159, 0.9851426523297491, 0.7909212903225806, 0.7916432974910395, 0.9001622939068101, 0.9826468817204301, 0.7917169892473118, 0.9811489605734767, 0.9787974193548387, 0.9853568458781362, 0.9851068100358422, 0.953417634408602, 0.9857491039426522, 0.9853568458781362, 0.9847498207885306, 0.9856777060931898, 0.9846431541218639, 0.9847856630824372, 0.984607311827957, 0.9856777060931898, 0.9856421505376345, 0.9847142652329749, 0.9698250896057348, 0.9706078853046595, 0.9678683870967741, 0.82639770609319, 0.8241181362007168, 0.8184516129032258, 0.8214451612903225, 0.9679394982078853, 0.8169221505376345, 0.8157086738351256, 0.8162420071684588, 0.8172071684587813, 0.8254196415770607, 0.8251478136200717, 0.825112258064516, 0.8199825089605735, 0.8241539784946236, 0.817135770609319, 0.8200180645161291, 0.8162775627240144, 0.9856777060931898, 0.8186305376344085, 0.8215879569892472, 0.8162420071684588, 0.8178116129032258, 0.8163486738351254, 0.8287349103942653, 0.8140576344086021, 0.8184518996415768, 0.8200180645161291, 0.8162058781362008, 0.8263440860215054, 0.8157089605734766, 0.8279521146953405, 0.8264332616487454, 0.9343432258064517, 0.8138827240143369, 0.8139862365591398, 0.8445571326164873, 0.8433092473118279, 0.8715483870967742, 0.8484438709677418, 0.8471974193548387, 0.8747891039426523, 0.8726887455197133, 0.8444860215053763, 0.8504407168458782, 0.8633459498207886, 0.8589253046594983, 0.9008358422939068, 0.8457344802867383, 0.8489422222222223, 0.912594982078853, 0.8889697491039426, 0.9099231541218638, 0.853573046594982, 0.8533594265232974, 0.8656625089605734, 0.9098520430107527, 0.9081803584229391, 0.8883997132616488, 0.8443068100358422, 0.8551435125448028, 0.8553929749103941, 0.870871111111111, 0.8547156989247311, 0.8546798566308244, 0.8549648745519713, 0.8473040860215054, 0.9759498207885304, 0.9856777060931898, 0.9855349103942652, 0.9763059498207886, 0.9856777060931898, 0.9772321146953405, 0.976448458781362, 0.9856777060931898, 0.9856777060931898, 0.9856421505376345, 0.9856777060931898, 0.9765909677419355, 0.9772321146953405, 0.9853565591397849, 0.9769826523297491, 0.9853568458781362, 0.9767690322580644, 0.9857135483870968, 0.9854637992831542, 0.9856421505376345, 0.9856777060931898, 0.9856777060931898, 0.9771248745519714, 0.9857491039426522, 0.9856777060931898, 0.9856777060931898, 0.985392688172043, 0.9769826523297491, 0.9856421505376345, 0.9851782078853046, 0.9856777060931898, 0.9857135483870968, 0.981612329749104, 0.9852137634408603, 0.9821112544802867, 0.9812203584229391, 0.9856777060931898, 0.9854993548387097, 0.9857135483870968, 0.9856421505376345, 0.9853568458781362, 0.9856777060931898, 0.9818615053763441, 0.9819684587813621, 0.9857846594982078, 0.9823968458781362, 0.9818615053763441, 0.9822543369175628, 0.9823968458781362, 0.9823968458781362, 0.9822543369175628, 0.9821829390681003, 0.9822187813620072, 0.981612329749104, 0.9822543369175628, 0.9822543369175628, 0.9823254480286738, 0.9825393548387096, 0.9824679569892473, 0.9825035125448028, 0.981612329749104, 0.9819329032258064, 0.9826113261648745, 0.9825751971326164, 0.9822543369175628, 0.9818970609318998, 0.9823610035842293, 0.981683440860215, 0.9830032974910393, 0.9812914695340502, 0.9821829390681003, 0.9826468817204301, 0.9825393548387096, 0.9825751971326164, 0.9825393548387096, 0.9823610035842293, 0.9822543369175628, 0.9828610752688173, 0.9614964874551971, 0.9826468817204301, 0.9636665232974911, 0.9831458064516129, 0.9644507526881722, 0.9595750537634409, 0.9579005017921147, 0.9664811469534051, 0.9591125448028673, 0.9647360573476703, 0.9622787096774192, 0.9724937634408602, 0.9604289605734767, 0.5, 0.5, 0.9734543369175628, 0.9660536200716845, 0.9612470250896056, 0.9650933333333332, 0.9554801433691757, 0.9569396415770608, 0.9572599283154123, 0.9448949103942652, 0.5, 0.5, 0.9650222222222222, 0.9670147670250897, 0.966836989247312, 0.9636306810035842, 0.963987670250896, 0.9582729749103942, 0.9682597849462364, 0.966049605734767, 0.9856421505376345, 0.9644151971326165, 0.9664455913978495, 0.5040064516129033, 0.9808255197132617, 0.5, 0.984535340501792, 0.9852831541218638, 0.9837860931899641, 0.9856777060931898, 0.9855349103942652, 0.9853568458781362, 0.9856421505376345, 0.9856777060931898, 0.9801112544802868, 0.9837860931899641, 0.9857846594982078, 0.9856777060931898, 0.9854637992831542, 0.9856777060931898, 0.9856777060931898, 0.9856777060931898, 0.9856777060931898, 0.9856777060931898, 0.9857135483870968, 0.9853568458781362, 0.9853924014336917, 0.9854637992831542, 0.9856777060931898, 0.9856777060931898, 0.9853568458781362, 0.9857491039426522, 0.9857491039426522, 0.9852493189964158, 0.9856421505376345, 0.9857491039426522, 0.9857135483870968, 0.9857846594982078, 0.9857491039426522, 0.9857135483870968, 0.9857491039426522, 0.9856421505376345, 0.9846787096774193, 0.8396250896057348, 0.5, 0.9838924731182794, 0.9842864516129032, 0.984393405017921, 0.9842864516129032, 0.9841794982078852, 0.9841794982078852, 0.8379865232974911, 0.9839297491039426, 0.5, 0.9839653046594983, 0.9838939068100357, 0.8116144802867383, 0.9780149103942651, 0.9665614336917562, 0.9789399283154122, 0.9778007168458782, 0.5, 0.8291911111111112, 0.9779793548387097, 0.9782637992831541, 0.5, 0.8374964874551971, 0.8416625089605734, 0.9834311111111111, 0.977587670250896, 0.8435971326164875, 0.9787974193548387, 0.9766623655913979, 0.9670594982078852, 0.7437488172043011, 0.977196559139785, 0.8363267383512545, 0.5, 0.9679128315412188, 0.5, 0.9755225806451613, 0.9683412186379929, 0.9779437992831541, 0.9787974193548387, 0.9784415770609319, 0.9778724014336918, 0.9763059498207886, 0.9769468100358422, 0.9789399283154122, 0.9771248745519714, 0.9782993548387097, 0.9780149103942651, 0.9775521146953405, 0.9789754838709678, 0.9781571326164874, 0.9782282437275984, 0.9781926881720431, 0.6408464516129031, 0.9792246594982078, 0.9789399283154122, 0.9796163440860214, 0.9787263082437276, 0.9834308243727599, 0.9835733333333334, 0.9833241577060932, 0.9832169175627239, 0.5888934767025089, 0.9828610752688173, 0.9834308243727599, 0.5, 0.9834308243727599, 0.9832169175627239, 0.9835733333333334, 0.9835022222222222, 0.5, 0.9834666666666667, 0.9833597132616486, 0.9834308243727599, 0.9834666666666667, 0.9835733333333334, 0.9834308243727599, 0.9832172043010752, 0.9831458064516129, 0.9833597132616486, 0.9834666666666667, 0.9835733333333334, 0.9836802867383512, 0.9835377777777777, 0.9835733333333334, 0.9835733333333334, 0.5, 0.9830746953405018, 0.5, 0.9835733333333334, 0.9834666666666667, 0.9835377777777777, 0.9548384229390681, 0.9835733333333334, 0.9835733333333334, 0.9835733333333334, 0.9837158422939067, 0.9837158422939067, 0.983786953405018, 0.9837513978494623, 0.9835733333333334, 0.9837158422939067, 0.9841794982078852, 0.9838939068100357, 0.9835022222222222, 0.9839653046594983, 0.983786953405018, 0.5, 0.5, 0.960465376344086, 0.984072258064516, 0.9856777060931898, 0.9842864516129032, 0.9856777060931898, 0.9856777060931898, 0.5, 0.9857135483870968, 0.9651759139784947, 0.9856777060931898, 0.5, 0.9856777060931898, 0.9856777060931898, 0.9857491039426522, 0.9857135483870968, 0.5, 0.9856421505376345, 0.9852493189964158, 