{"params": {"n_jobs": 1, "reg_alpha": 0.001006083231441345, "learning_rate": 0.1556040284849494, "min_child_weight": 0.006424911354177924, "n_estimators": 2703, "subsample": 0.5516082399915903}, "target": 0.8710774097954561, "targets": [0.8301082366479055, 0.7874197043311729, 0.8278445227523188, 0.8328409802104609, 0.7338691034826519, 0.7863986787208324, 0.8304010376601937, 0.8332249727009551, 0.7753912967931326, 0.8096993547237096, 0.5, 0.795318692204593, 0.8224110155352544, 0.7764640320145879, 0.8325169225328841, 0.8184738212176246, 0.8041534214413716, 0.8138507456947289, 0.5, 0.7749089298109524, 0.8035479774089508, 0.8101311126815812, 0.8001649891926869, 0.8522350671932951, 0.7608687618964449, 0.5, 0.5, 0.7207339593291398, 0.8400208581414583, 0.6919232516347533, 0.6919304818162395, 0.8373909408319143, 0.7494188542289397, 0.8052954936316004, 0.5, 0.6855611186849451, 0.852380124534317, 0.8234068264772615, 0.5, 0.8474585743618437, 0.8004890783156009, 0.8231286610233965, 0.8225693967149146, 0.5, 0.7387955860808921, 0.7986882128321054, 0.7818016848591419, 0.8347809329130799, 0.8331223306277764, 0.7866439523518686, 0.7819454259881876, 0.8326226642178834, 0.824269686533112, 0.8170227761273468, 0.8216924536401391, 0.8547322986559545, 0.829099106359451, 0.8253914046057178, 0.8346021482016951, 0.8199388055767137, 0.8375773937134122, 0.8466734247188741, 0.7854613336452709, 0.8200663703258078, 0.8274840378975611, 0.8138678789113731, 0.8329909520084854, 0.8370604727977169, 0.8281314030568101, 0.833382118528078, 0.8428762699648693, 0.8302321582300622, 0.828783979157671, 0.8385680206669537, 0.827194776731816, 0.8230340869253341, 0.8107045723137641, 0.8230667047245092, 0.8158171169728814, 0.8285663774234697, 0.8305324252638668, 0.8345782452531468, 0.8426367912602805, 0.8221720399560628, 0.8362527364181748, 0.8398103361003434, 0.8429180742947304, 0.850116590326372, 0.8376520269754275, 0.8469718589387323, 0.8285734885618933, 0.8281577767104332, 0.834589448777612, 0.8335205274263536, 0.8421843602392217, 0.841045922231548, 0.845188301867332, 0.8487825039221321, 0.8289060679258817, 0.8441625459798214, 0.8316924617260829, 0.8274083489706504, 0.8394036355841186, 0.8345546971876908, 0.8458469738714403, 0.8424491479481558, 0.8446958633928296, 0.8555421598418604, 0.8254083087206187, 0.8420320345330896, 0.8351672927882545, 0.8409856819496397, 0.8349474943726323, 0.8556773658079215, 0.8358904501948083, 0.8404997616443431, 0.8500295631092646, 0.8470806148839227, 0.8380373132169424, 0.8366335439452183, 0.8423589627207442, 0.8425708189425996, 0.8382104692129484, 0.8548737173222302, 0.8423751121475493, 0.8296986162075018, 0.8419191906940486, 0.8360634265031723, 0.818575758016809, 0.8476561588927503, 0.8444077881655204, 0.837288208914915, 0.83763505098547, 0.8430867066543545, 0.842844132830136, 0.8383396376742454, 0.8435586921830305, 0.84835340983355, 0.8382423233396457, 0.8405474058225624, 0.8349577859823155, 0.8286584718320753, 0.8312662695929157, 0.8457542056341779, 0.8550234824794666, 0.8523873479775169, 0.8373823742235922, 0.8588006649520871, 0.8175479447058001, 0.8525503561139528, 0.853993090650798, 0.8350399796018589, 0.8584211781292108, 0.8431709532052052, 0.8321662261624129, 0.8257472265661709, 0.8489070903485635, 0.8543545772641586, 0.8481222910964954, 0.8579823359860621, 0.847673952461478, 0.8463020777461707, 0.8414872305875803, 0.8456660598615002, 0.8566327245695717, 0.8367682018639717, 0.847065040457571, 0.8582126775740658, 0.8399478914823206, 0.8363238837399395, 0.8482673529297081, 0.8300795225627482, 0.8549779990451398, 0.8422611183076011, 0.8379090611626185, 0.8319753394883538, 0.8468269228868689, 0.8527341720793077, 0.8490358994345769, 0.8220429388776316, 0.8533107897217951, 0.8509321610870959, 0.8520419613768601, 0.847893917088169, 0.8504470179308502, 0.8509063534495445, 0.8436560199942033, 0.8566162921347307, 0.8602671586873674, 0.8610212403370724, 0.8547174025504504, 0.8379517594384979, 0.8345463866342582, 0.8479224784388307, 0.8607512057489982, 0.8619563213483474, 0.856507109431391, 0.8591230380580221, 0.8573401862606158, 0.8530784221556299, 0.8595285166982827, 0.8549597966870272, 0.8536136083201129, 0.8519825746112503, 0.8525632576866331, 0.8621080765462166, 0.851918012841557, 0.8587473965506801, 0.8535217564898234, 0.8526972238079658, 0.855532241084034, 0.8620593497499556, 0.8467192001456189, 0.8508723340867637, 0.8504535361000556, 0.849902047774272, 0.8569605422110527, 0.8466289969494429, 0.8582870547811916, 0.8549010657813098, 0.8603173184925715, 0.8543802636125516, 0.8506168901352023, 0.8561262210449089, 0.8596767185730357, 0.8553747268972455, 0.8550609877824982, 0.8417255637834525, 0.8649377256539866, 0.8531245165279389, 0.8541699482122247, 0.861180268392243, 0.8653232320128627, 0.8645877345575093, 0.8623199013227346, 0.8657750835412766, 0.8546097337154931, 0.8555187195889896, 0.8619863561376716, 0.8570601969771866, 0.8649905717894354, 0.8588364946678592, 0.8597182488792432, 0.8469617739698373, 0.8580459633800179, 0.8611836599964816, 0.8623596976431989, 0.8625544925234667, 0.8506427337102821, 0.8593445345218594, 0.8629878721623054, 0.86134284977053, 0.8550273322871919, 0.864216917663349, 0.862497630369224, 0.8590560774583113, 0.8617632155319122, 0.8528750337138937, 0.8520921481352106, 0.8547396793258407, 0.858178258406282, 0.8602248781852554, 0.857718877965677, 0.8618317169531517, 0.8599584508265903, 0.8673261382807809, 0.854548410815543, 0.86193504633156, 0.8579310800862429, 0.8556537818049372, 0.8636168193382716, 0.8584726002400986, 0.8641658324667898, 0.8609413916412544, 0.8092564516398564, 0.8664326639429614, 0.8609594277882984, 0.8618200507330087, 0.8549008097264202, 0.8649623114155739, 0.8499260181056861, 0.809522604974868, 0.8523941761079046, 0.8619390893035002, 0.8562723475273992, 0.8588974896378628, 0.862255308107704, 0.8678088915913909, 0.856225619756153, 0.8595236561475724, 0.8615774454634529, 0.854211042775901, 0.8651037390662315, 0.8595511573411475, 0.8683247523499998, 0.861951361969434, 0.8627061758462793, 0.8619396867649091, 0.8633442286934928, 0.864752216132608, 0.8659681040060822, 0.8575697462073778, 0.8596152968448827, 0.8626408504041085, 0.8585236000850281, 0.8621449259893558, 0.8568755814018258, 0.8585586661283224, 0.8667142928761216, 0.8616162535018874, 0.8650976072254558, 0.8618440794629066, 0.8572926184496442, 0.8628760255896765, 0.8567635012352627, 0.8509910986336011, 0.8571770298818752, 0.8638648017605076, 0.8637555606586845, 0.864383937326388, 0.8659064441918037, 0.8632249520368763, 0.8588367327539844, 0.867553573421179, 0.870596772306828, 0.8692484950710782, 0.854441402332669, 0.8611084876715409, 0.8542837084582388, 0.8650971624985422, 0.8573993484166733, 0.8671928549724871, 0.8646212822402305, 0.8638249560259418, 0.8659468424658678, 0.8670865877011357, 0.8615197836992042, 0.8612990419234627, 0.8621387222735232, 0.8687233264926247, 0.8646822951789985, 0.8335139598430464, 0.8645106350826104, 0.870103740863108, 0.8543586516814361, 0.857898394904202, 0.8641321814636743, 0.8644322822864101, 0.8710774097954561, 0.8644480274160216, 0.8266743114773865]}