{"params": {"n_jobs": 1, "reg_alpha": 0.005025777488735492, "learning_rate": 0.16678019337100583, "min_child_weight": 0.002629543181741522, "n_estimators": 3348, "subsample": 0.5614223209752883}, "target": 0.8861684077450264, "targets": [0.8185743673342649, 0.767111362476989, 0.7917467895402224, 0.8287474770998292, 0.7167076984496641, 0.7612429857830417, 0.8351295828065741, 0.855178599152749, 0.7461898662585668, 0.7989669971388649, 0.5, 0.8001790981879477, 0.8189350588861533, 0.7859236032559274, 0.8278894137999867, 0.7884453944596004, 0.7908831814048395, 0.8261150664271298, 0.5, 0.7251072925677023, 0.7851184931354936, 0.7939394947545855, 0.785662718743762, 0.8684096857187216, 0.7105174440526094, 0.5, 0.5, 0.672429552864462, 0.8422649544214519, 0.6574066526936811, 0.6312792490074746, 0.8422693902898839, 0.7409940781156431, 0.79557411227183, 0.5, 0.5656727548960897, 0.8682436178942933, 0.8334115155144499, 0.5, 0.8506578947368422, 0.8146721893228646, 0.8171687515248298, 0.6249950096480139, 0.7335182535985982, 0.5, 0.8220232550402555, 0.8489534122917914, 0.7676991150442477, 0.8162663295406658, 0.7294946436888681, 0.7524663428482712, 0.8622407789384967, 0.8665352540643644, 0.8765095814758134, 0.8577616607891411, 0.8531084348038238, 0.8655845920110009, 0.874971166855191, 0.842800308292856, 0.854149200434715, 0.8464205314170382, 0.8406364362233016, 0.8329144210082727, 0.8315013196708586, 0.8426225963137932, 0.8405818195932309, 0.839743440459556, 0.8292606516290727, 0.8479692039834099, 0.8504269523365938, 0.8333424823119746, 0.8589734845964468, 0.8531173065406878, 0.8359801605784373, 0.8443750415862666, 0.8406633286756715, 0.8489667198970878, 0.8442394703573092, 0.8468569099740503, 0.8316133253487701, 0.8273282764433206, 0.8477429746933705, 0.8576898551688956, 0.8587067780069642, 0.839182025861113, 0.8504760241311244, 0.8577730277019985, 0.8351672876882471, 0.8602892740701311, 0.8380763856544015, 0.821568301284184, 0.8535753099563067, 0.8312293454876128, 0.83967634794952, 0.859817408565662, 0.8554702575021625, 0.8579950983653826, 0.8683398207909153, 0.8356372125002773, 0.8487457582008118, 0.8143087253532061, 0.8566269101958437, 0.8174565284893649, 0.8538827710870095, 0.8527514860159247, 0.854549260318939, 0.8490573779581696, 0.8753329673741878, 0.8741627298334331, 0.8642737928893028, 0.8734748929846742, 0.8681831791869052, 0.8680445582984009, 0.8700027169694147, 0.8584190010424291, 0.8601872490961918, 0.87123034355801, 0.8645746002173574, 0.8760385476966753, 0.868488976866946, 0.8676270321822255, 0.8715028722248098, 0.8725882737817997, 0.8671313238849336, 0.8692827200745226, 0.871413323130836, 0.8618335107680706, 0.8689342271608224, 0.8754580034156186, 0.8709908066626744, 0.8765209483886707, 0.8759891986603678, 0.874035753099563, 0.8685632776631845, 0.881331093219775, 0.8696586599241467, 0.8627370417193425, 0.8696101426131702, 0.8682699558631091, 0.8577139752034956, 0.8662191984385744, 0.8673176303590836, 0.868796437997649, 0.8696830572005234, 0.8728608024485993, 0.8582365759531573, 0.860444252223479, 0.8577411448976424, 0.8683667132432852, 0.8585870095592965, 0.8516335085501364, 0.8656550114223611, 0.8627436955219908, 0.8557863131279525, 0.8631273981413712, 0.854705901922949, 0.8615559917492848, 0.8695142169583251, 0.8576881917182337, 0.870202608290638, 0.8656622197085635, 0.8753238183955464, 0.863842959167831, 0.8716437110475305, 0.8587123228425044, 0.8620162130991196, 0.8635978774369553, 0.8674983919976933, 0.8643747088961341, 0.8589163727903829, 0.8747224809812142, 0.8640239980482178, 0.8626716126599685, 0.8664468139374988, 0.8757923569986914, 0.8694437975469647, 0.862411282631357, 0.8686481136469493, 0.8631096546676427, 0.8663397986115731, 0.8643004080998958, 0.8572518131612217, 0.8647756005056891, 0.8642807239337282, 0.8762456473041009, 0.878242065340342, 0.8796232838734003, 0.8689331181937143, 0.8687451482689024, 0.8824353472176016, 0.8814949431099872, 0.8610866214208086, 0.8806590591523056, 0.8770787588440128, 0.8729367666954998, 0.8794475125867767, 0.8765497815334797, 0.8570491494222281, 0.8651321334309225, 0.8621944795617361, 0.8720515337015105, 0.8687753676225963, 0.8454648790116884, 0.8759839310666045, 0.8737138753964556, 0.8717385277352673, 0.8749268081708695, 0.8734870916228624, 0.8764596779559518, 0.8623408632199968, 0.8684080222680596, 0.8685452569476789, 0.8730886951893007, 0.8726939028988399, 0.8757441169294917, 0.8672910151484906, 0.863496684188347, 0.8654149200434714, 0.8782634129571717, 0.8663583738106327, 0.8698186284294808, 0.8725498757956839, 0.874342382504935, 0.8701565861556546, 0.8590910351098987, 0.8671998026038548, 0.8703268126067382, 0.880983432031406, 0.869853838135161, 0.8861684077450264, 0.864402710315612, 0.8729553418945594, 0.8593874065695213, 0.8736911415707411, 0.8800682569254995, 0.873252545079513, 0.8791641714906735, 0.8760305076851422, 0.8686001508195268, 0.8528001419477897, 0.8814597334043073, 0.869111384656331, 0.8653203805975116, 0.8674482112360546, 0.862003459977377, 0.8635005655732251, 0.8723897686694613, 0.8651540355313061, 0.8684690154590016, 0.8637689356133696, 0.8643020715505578, 0.8714967729057157, 0.8662696564419899, 0.8658202475214585, 0.8679763568212566, 0.8808389890655842, 0.8810918335662163, 0.8773593275223457, 0.8733526293610131, 0.8586455075742453, 0.8741951671213432, 0.8775938740656951, 0.8788686317563821, 0.8772794818905671, 0.8746204560072748, 0.8832884201654579, 0.8741119945882405, 0.8701543682214388, 0.8712644442965821, 0.8753049659547096, 0.8310447024641249, 0.8631470823075388, 0.8732999534233816, 0.8441657240446248, 0.8451183267904275, 0.8741679974271964, 0.8678205469425777, 0.8739328964002928, 0.873726905759975, 0.8562493068955576, 0.8847514250227337, 0.8605629117040389, 0.8711388537715973, 0.8842648657040832, 0.8664817464014017, 0.8781882804356023, 0.8788874841972187, 0.8708244615964691, 0.8703198815623129, 0.8752287244660323, 0.8554322753787122, 0.8617794486215539, 0.8825085390467319, 0.86517871004946, 0.8680714507507709, 0.8695070086721228, 0.8748608246279413, 0.8718657817109143, 0.8832798256703706, 0.8662699336837669, 0.8765966353937943, 0.8736778339654446, 0.8760837381063278, 0.8663508882826534, 0.8713135160911127, 0.8584835983764721, 0.8764671634839312, 0.8836261006498546, 0.8614068356732538, 0.8729880564242464, 0.8714413245503139, 0.8722153835917228, 0.8670520327367092, 0.8613746756271208, 0.8668033468627321, 0.8741668884600884, 0.8751840885399339, 0.8676996695278018, 0.882575908798545, 0.8856011710692661, 0.8715092487856811, 0.8714715439040077, 0.5, 0.5, 0.8708130946836116, 0.8767707432297559, 0.8736709029210195, 0.839491704926032, 0.8790402444163506, 0.8673231751946237, 0.8601076807061903, 0.8729107059684609, 0.8248891032891965, 0.8226922394481779, 0.8625887173686427, 0.5, 0.8380902477432519, 0.5, 0.8332188324794287, 0.8685555148934283, 0.8665862665513341, 0.8734535453678444, 0.8717626477698671, 0.8627434182802138, 0.8757748907667399, 0.8412918357841507, 0.7936489453722803, 0.8681779115931422, 0.8717116352828974, 0.8754932131212987, 0.8819496196242819]}