{"params": {"kernel": "rbf", "probability": true, "C": 288.38253274864235, "class_weight": "balanced", "gamma": 0.0001000955641932367}, "target": 0.9600450240645862, "targets": [0.9403475502916585, 0.5035714285714284, 0.5, 0.5, 0.5, 0.5035714285714284, 0.5035714285714284, 0.8736885077738595, 0.536644016013485, 0.8435117106926608, 0.5035714285714284, 0.6029703683988732, 0.5, 0.5, 0.8491470656730321, 0.5035714285714284, 0.5, 0.872508428150021, 0.5, 0.5035714285714284, 0.5, 0.6604388460088273, 0.9425998624880787, 0.5, 0.5, 0.795042917027081, 0.9031331093219774, 0.5035714285714284, 0.799159957415663, 0.5035714285714284, 0.5, 0.5035714285714284, 0.5035714285714284, 0.8896466830793799, 0.9259997338478941, 0.5035714285714284, 0.5035714285714284, 0.9030527092066448, 0.5, 0.8516728768824716, 0.5436298156896667, 0.888873455763302, 0.5, 0.9352246767360881, 0.9582265952491851, 0.9559041408831813, 0.9527047707764987, 0.9574112271830018, 0.9548070951715572, 0.9593868520859672, 0.8709442300441369, 0.9589479783529621, 0.9517635349435535, 0.9440118548583849, 0.9520144387517465, 0.9467421318783685, 0.9506018918978864, 0.9533640517222259, 0.9463975203495464, 0.9423179076008605, 0.9477141415485615, 0.9414074456051633, 0.9581639386075809, 0.9099737729278949, 0.910976556435336, 0.9154609421784551, 0.9491261339188679, 0.9505702863353074, 0.9483728680107347, 0.9557474992791715, 0.9567838290416306, 0.9555592521125824, 0.9598254485771953, 0.9045126644043737, 0.9022556390977444, 0.9593239182025861, 0.958195266928383, 0.900264072792601, 0.8937260185862888, 0.8784615022068445, 0.9595434936899772, 0.8793081985938297, 0.881472625146938, 0.8771891010712622, 0.8868235300640983, 0.8825377880542062, 0.8828678443897354, 0.8778646006609444, 0.881409968505334, 0.8811271818927852, 0.8820060383259033, 0.8846577173021049, 0.8891764810255728, 0.8794494532792155, 0.8794181249584136, 0.8806572570807549, 0.8784301738860425, 0.8815352817885422, 0.885161188369153, 0.8891135471421918, 0.8843122740479517, 0.8826004446958102, 0.8844062590103577, 0.8878593053430034, 0.8817545800341561, 0.8866668884600882, 0.8774872746024354, 0.8728627431410384, 0.8754482999534232, 0.8797789551311908, 0.9265015414642802, 0.925497648989731, 0.9288866524718877, 0.929796837225808, 0.9339058376028566, 0.9217022090624791, 0.9259997338478941, 0.9280704526803735, 0.9294197884090758, 0.9264388848226762, 0.9266274092310421, 0.9270036263224434, 0.9233961563200037, 0.9286354714219176, 0.9286354714219176, 0.9316172067336483, 0.9272229245680572, 0.9292941978840907, 0.9275996961430124, 0.9281957659635814, 0.9286354714219176, 0.930487723734114, 0.925090380819305, 0.9280391243595714, 0.9279451393971655, 0.930550380375718, 0.9291059507175017, 0.9277566149887994, 0.9277566149887994, 0.9214507507707322, 0.9595434936899772, 0.9334359127908266, 0.95891665003216, 0.958697074544769, 0.9598881052187993, 0.9587600084281501, 0.9593555237651652, 0.9355069088650831, 0.9588853217113581, 0.9561239936123496, 0.9583205802115909, 0.9598254485771953, 0.958853993390556, 0.9598254485771953, 0.9598254485771953, 0.9559041408831813, 0.9582265952491849, 0.9598881052187993, 0.9582892518907891, 0.9590106349945661, 0.9582265952491851, 0.9599507618604033, 0.9593555237651652, 0.9595748220107791, 0.9594808370483732, 0.9593868520859672, 0.9577874442744028, 0.9599510391021802, 0.9598254485771953, 0.9598254485771953, 0.9592612615609821, 0.9595434936899772, 0.9594808370483732, 0.9582265952491851, 0.9595434936899772, 0.9599820901812052, 0.9559667975247853, 0.9582265952491851, 0.9557474992791715, 0.958257923569987, 0.9598254485771953, 0.9593868520859672, 0.9599507618604033, 0.9593555237651652, 0.9590106349945661, 0.9597001352939871, 0.9435097700002218, 0.944106117062568, 0.9438238849335729, 0.9437609510501919, 0.9418155455009204, 0.9460834054161955, 0.9436980171668108, 0.9464288486703485, 0.9434155077960389, 0.9437293454876128, 0.9449852507374631, 0.9426625191296827, 0.9431959323086477, 0.9463348637079424, 0.9436353605252068, 0.9411875928759953, 0.9424118925632665, 0.9459575376494331, 0.944106117062568, 0.944388903675117, 0.9450168563000421, 0.9436037549626277, 0.9439491982167809, 0.9458948810078291, 0.9438238849335729, 0.9451108412624482, 0.944263035908355, 0.9454870583538492, 0.94413744538337, 0.9430387362210837, 0.9430387362210837, 0.9431329984252667, 0.9452674828664582, 0.9444515603167212, 0.9455497149954531, 0.9460834054161955, 0.9478707831525718, 0.9466794752367644, 0.9494086432896399, 0.8653349357908044, 0.9484671302149179, 0.8655234601991705, 0.9501624636813272, 0.9500365959145652, 0.9504763013729013, 0.5035714285714284, 0.9511039767560495, 0.9506332202186882, 0.9511042539978265, 0.5270660057222702, 0.9516695499811476, 0.9522334597555835, 0.9522021314347816, 0.8606092110807992, 0.5, 0.8622660079402046, 0.9521394747931776, 0.9523590502805686, 0.9526418368931177, 0.9517322066227516, 0.9542110253509881, 0.9523590502805686, 0.5035714285714284, 0.9540541065052011, 0.8478469403597488, 0.9523903786013707, 0.9524846408055538, 0.9536146782886419, 0.536644016013485, 0.9532381839554638, 0.9533011178388449, 0.9535206933262359, 0.536644016013485, 0.949065417969703, 0.9531125934304787, 0.5, 0.9599823674229823, 0.5035714285714284, 0.9598254485771953, 0.9593868520859672, 0.5, 0.9596061503315811, 0.9598254485771953, 0.9599507618604033, 0.9594808370483732, 0.9600450240645862, 0.9597314636147892, 0.9598254485771953, 0.9597001352939871, 0.9598881052187993, 0.9596061503315811, 0.9597314636147892, 0.9598254485771953, 0.9599507618604033, 0.9589479783529621, 0.958853993390556, 0.9593555237651652, 0.9594808370483732, 0.9596061503315811, 0.9590732916361702, 0.9599507618604033, 0.9599510391021802, 0.9582265952491851, 0.8892604852840066, 0.9599510391021802, 0.9599507618604033, 0.9599823674229823, 0.9599510391021802, 0.9290934748375363, 0.9599510391021802, 0.5, 0.9597314636147892, 0.9597314636147892, 0.8733559562623372, 0.5, 0.9600450240645862, 0.9593555237651652, 0.958258200811764, 0.9314464257990108, 0.9576308026703927, 0.9598881052187993, 0.8741710470867435, 0.9599823674229823, 0.935161742852707, 0.9597314636147892, 0.9594808370483732, 0.9599510391021802, 0.8965608157562046, 0.9350045467651429, 0.934941335639985, 0.9348470734358019, 0.8046615432386275, 0.9353186616984942, 0.5, 0.8113066127708652, 0.6292925344334287, 0.9352246767360881, 0.9360713731230732, 0.5, 0.9535520216470379, 0.9352246767360881, 0.9339684942444608, 0.939774491538581, 0.7572588828265354, 0.9381736975181317, 0.9381736975181317, 0.9350045467651429, 0.935193071173509, 0.8209119313771154, 0.9360713731230732, 0.9350672034067469, 0.9361027014438752, 0.9337178676780447, 0.9516695499811476, 0.9397431632177791, 0.9357575354314991, 0.935287333377692, 0.5, 0.8210590081398186, 0.9522647880763856, 0.935161742852707, 0.824189067802249, 0.509664371104753, 0.9367614279060483, 0.9515750105351876, 0.9375451904096523, 0.710102690354204, 0.9514494200102025, 0.9514810255727815, 0.509664371104753, 0.9522650653181625, 0.9522337369973606, 0.9511353050768514, 0.9521397520349545, 0.9515436822143855, 0.9522334597555837, 0.9509470579102623, 0.9157750571118062, 0.9527990329806817, 0.9521708031139795, 0.9517635349435535, 0.9527047707764987, 0.9514810255727815, 0.9515112449264755, 0.8458435912790826, 0.5131494388626432, 0.9521394747931776, 0.9522650653181625, 0.9174690043693305, 0.9522021314347816, 0.9519831104309446, 0.9517008783019495, 0.9521084237141526, 0.9523903786013707, 0.9154612194202321, 0.9504449730520992, 0.9526107858140926, 0.9507272051810943, 0.9521084237141526, 0.9511353050768514, 0.9513554350477964, 0.8459384079668197, 0.9520770953933507, 0.8459070796460176, 0.9523903786013707, 0.8517042052032735, 0.9522334597555837, 0.9525478519307116, 0.9527047707764987, 0.9525162463681326, 0.9517008783019495, 0.953646006609444, 0.9526105085723158, 0.8459070796460179, 0.9523903786013707, 0.9522647880763857, 0.9526421141348947, 0.5, 0.5, 0.9533011178388449, 0.9531439217512808, 0.953708940492825, 0.953708940492825, 0.9544935347217601, 