{"params": {"kernel": "rbf", "probability": true, "C": 4078.813008448505, "class_weight": "balanced", "gamma": 0.00010003241237280834}, "target": 0.9565367264469483, "targets": [0.9335528667096838, 0.5, 0.5, 0.5, 0.5, 0.5, 0.5, 0.8729029127007358, 0.5202939177709821, 0.8421436003437783, 0.5, 0.5788549378074117, 0.5, 0.5, 0.8498491297637665, 0.5, 0.5, 0.8689274651302654, 0.5, 0.5, 0.5, 0.5991745958330796, 0.9408467654337759, 0.5, 0.5, 0.7739299353861209, 0.9067375925234129, 0.5, 0.7815814439627019, 0.5, 0.5, 0.5, 0.5, 0.8927772733047235, 0.9294180564158101, 0.5, 0.5, 0.9014213157699444, 0.5, 0.8460221468612253, 0.5267499150526673, 0.9027975209574188, 0.8460067229232736, 0.8492830148639413, 0.8984613841374983, 0.9455264874857441, 0.9508391412871351, 0.9448057828155004, 0.9522173859293435, 0.9362576284142223, 0.9421978008748273, 0.9391969678429198, 0.9534775578221355, 0.9433673787508223, 0.9461871854680135, 0.9492785945479536, 0.9490989608124611, 0.9405170880252023, 0.9442072118353781, 0.9399775534197883, 0.9542875223284357, 0.915964671972124, 0.9167153889707367, 0.9201380207729695, 0.9158146956819083, 0.8972324150037025, 0.9365574372445403, 0.9520970670844046, 0.9532372750153499, 0.951916799949975, 0.9561773915930981, 0.9561169536547837, 0.9527873461447027, 0.9540473069045156, 0.9545576063306113, 0.9530875772409789, 0.9510783010461594, 0.9565367264469483, 0.9557269056907615, 0.954467578329886, 0.9547967660896358, 0.9562975666879237, 0.9557567742690173, 0.9555767182675667, 0.8761719564911532, 0.8788114668746732, 0.8761120082016628, 0.8809106947029701, 0.8771620915497753, 0.8771320118385406, 0.8762467132884224, 0.9562975666879237, 0.8766966331746872, 0.9561470333660186, 0.9548863718244028, 0.9552456392953873, 0.8772521869333663, 0.8732034986801045, 0.9557567742690173, 0.8725061264501466, 0.9552157707171316, 0.8781207655484164, 0.8761399765831065, 0.876578012377963, 0.87822562227178, 0.876129610852271, 0.8765148207265382, 0.8798608696558425, 0.9276471897841105, 0.8766068163069409, 0.8783756659448615, 0.8768468879807475, 0.8770267328492188, 0.8824733437875605, 0.928908610506013, 0.9289086778888788, 0.8765777338621181, 0.929178618140941, 0.9301379839370029, 0.9288486622165225, 0.9256958359006205, 0.9305883350736082, 0.9293883989705336, 0.9262673414296991, 0.9316077255264084, 0.9256958359006205, 0.9301680636482377, 0.9288187936382668, 0.9294780047053006, 0.9268677272550034, 0.9294479249940657, 0.9290288529837042, 0.9290288529837042, 0.9315181197916413, 0.9291188809844295, 0.9288187936382668, 0.9316973986440409, 0.9265666606111932, 0.9249733837680607, 0.9314579603691717, 0.930797626254377, 0.9294479249940657, 0.9251532960193977, 0.9290288529837042, 0.9313677212354676, 0.9324174699153474, 0.9350872823735589, 0.9354473180092118, 0.9326276730108983, 0.9325973147838187, 0.9363175767037129, 0.9352669834919167, 0.9360478475846297, 0.9377588422940863, 0.9388384011537385, 0.9350275452170476, 0.9372486192352387, 0.9368277997625608, 0.9370079905297425, 0.9378787388730674, 0.9371279544915891, 0.9368277997625608, 0.9369174054973277, 0.9403076530943201, 0.9375483606826908, 0.938538448573307, 0.9397372706130025, 0.9386882137305437, 0.9388981383102498, 0.9397071909017678, 0.9421677211635924, 0.9426165943693439, 0.941356009194976, 0.9562975666879237, 0.941356009194976, 0.9410266103022472, 0.9435766025487254, 0.9425265663686189, 0.9561773915930981, 0.9428564549101714, 0.9562975666879237, 0.9559669099817023, 0.9552759975224667, 0.9556664677524471, 0.9556063083299776, 0.9553965948832506, 0.9564769892904369, 0.9448660096208357, 0.9445071644158094, 0.9556067979788017, 0.9556664677524471, 0.9551562446935995, 0.955786853980252, 0.9556067979788017, 0.9558169336914867, 0.9550960852711299, 0.9555167699780764, 0.9562975666879237, 0.9562975666879237, 0.9558169336914867, 0.9552458504283663, 0.9556067979788017, 0.9556664677524471, 0.955786853980252, 0.9555167699780764, 0.9562975666879237, 0.9554565431727411, 0.9562975666879237, 0.9563274352661792, 0.9557567742690173, 0.9560572164982724, 0.9564769892904369, 0.9562975666879237, 0.9557567742690173, 0.9556063083299776, 0.9546177657530809, 0.9563274352661792, 0.9561169536547837, 0.9562074713043328, 0.9487690048880429, 0.9564769892904369, 0.9470578664284728, 0.9496389176838335, 0.9496389176838335, 0.9562975666879237, 0.8608371862855924, 0.9485592240584502, 0.9478692998812445, 0.8626623006163466, 0.9475391328238472, 0.9475391328238472, 0.9461571057567788, 0.9461869743350345, 0.9477794830134985, 0.9471474721632399, 0.9478692998812445, 0.9478993795924794, 0.8561650268372478, 0.5, 0.9469680495607266, 0.5027692830445124, 0.8611072613033859, 0.9463372291410949, 0.9472377786798098, 0.5, 0.9479889853272463, 0.9464569145870968, 0.9457664917766848, 0.9482589255793084, 0.8525624243851941, 0.9457664917766848, 0.9470578664284728, 0.9478394313029888, 0.9469680495607266, 0.9460071968494287, 0.9463372291410949, 0.9459768386223493, 0.8561650268372478, 0.5, 0.5046126401630989, 0.9457963603549405, 0.5, 0.9458565197774101, 0.9463372291410949, 0.5, 0.9462770023357597, 0.9453468537502518, 0.8796673954797416, 0.9447161770807334, 0.9453466426172727, 0.5, 0.5, 0.5461264016309888, 0.9451665192329566, 0.9439373389661816, 0.9448660096208357, 0.9459771171381941, 0.5, 0.5046126401630989, 0.943187255366506, 0.5, 0.8264765921807484, 0.9408131144306606, 0.9424670403450864, 0.5, 0.9563274352661792, 0.5843216827460151, 0.5, 0.8152976781841053, 0.8653221359182478, 0.9564170410009464, 0.9518220955783722, 0.9282433619342152, 0.8323232462081865, 0.5, 0.5991745958330796, 0.9561169536547837, 0.9492099269156453, 0.9483114033550917, 0.6441159978962171, 0.9556063083299776, 0.951101813174087, 0.9561470333660186, 0.9540473069045156, 0.9562074713043328, 0.9559669099817023, 0.5, 0.9370010950164891, 0.956087085076528, 0.8079997611951241, 0.9459100622024709, 0.9191827877926684, 0.9548863718244028, 0.9563274352661792, 0.9559669099817023, 0.9551261649823646, 0.956357303844435, 0.9556063083299776, 0.9556665351353129, 0.9150734212688715, 0.9545576063306113, 0.6249080897712271, 0.9563274352661792, 0.9561169536547837, 0.9556363880412124, 0.9533275815319199, 0.9562672084608442, 0.9557266945577825, 0.9559370414034467, 0.956357303844435, 0.5, 0.9559063282932747, 0.9394071709384708, 0.9562672084608442, 0.9392869958436452, 0.9392270475541548, 0.9399775534197883, 0.9397671391912581, 0.9391969678429198, 0.9416266502288412, 0.9377588422940863, 0.9403076530943201, 0.9379685557408134, 0.9396175851670009, 0.9394673303609403, 0.9391969678429198, 0.9403375216725758, 0.9394673303609403, 0.939587505455766, 0.9394673303609403, 0.9373683046812404, 0.9405471677364371, 0.9394673303609403, 0.9389872543961928, 0.9402477048048296, 0.9389580865997402, 0.9400375017092786, 0.942017466357532, 0.9376386671992607, 0.939587505455766, 0.93949768858802, 0.9396472426122774, 0.9394071709384708, 0.9396771111905331, 0.9388384011537385, 0.9388981383102498, 0.9412062440377393, 0.9408168968555202, 0.9427661483936015, 0.9409065025902871, 0.9406069048929483, 0.9481686190627385, 0.9489785072017909, 0.9478394313029888, 0.9474789734013775, 0.9470279978502172, 0.9477190450751841, 0.9482589255793084, 0.9487690048880429, 0.9480489336167366, 0.9487690048880429, 0.9489486386235353, 0.9487690048880429, 0.9465173525254109, 0.946607659041981, 0.9482589255793084, 0.9486191723479408, 0.9481686190627385, 0.9487386466609633, 0.9487690048880429, 0.9487988734662987, 0.9484395386124485, 0.9487988734662987, 0.9487690048880429, 0.9472076989685752, 0.9497586031298353, 0.9486191723479408, 0.859956820161241, 0.9482589255793084, 0.9479591167489906, 0.9487690048880429, 0.9484096700341927, 0.9487386466609633, 0.9488886903340447, 0.9487685826220847, 0.9485592240584502, 0.9490690922342055, 0.9487685826220847, 0.9500282648660526, 0.9489185589123004, 0.9493086742591883, 0.950419224744857, 0.9492188573914422, 0.9496088379725987, 0.9501785196721132, 0.9489185589123004, 0.9501481614450336, 0.9505389101908589, 0.8617300182400924, 0.9504490933231127, 0.9510783010461594, 