{"params": {"kernel": "poly", "probability": true, "C": 0.5581827363071284, "degree": 2, "class_weight": null, "gamma": 0.00010005675806556855, "coef0": 8.956013916704851}, "target": 0.981232117905383, "targets": [0.8699838645285782, 0.8967515580987868, 0.8830918557455586, 0.9654797946192917, 0.8232339698804534, 0.9499914055049128, 0.9051275866657795, 0.8307874220950607, 0.9071348171313239, 0.8246753498791227, 0.8966889014571828, 0.8229511832679043, 0.9807605296426907, 0.8240487834630825, 0.8255539290704638, 0.8788819393616786, 0.8313818284649678, 0.9028672344578259, 0.8898008295073968, 0.9791888460088275, 0.9808245724931799, 0.8897695011865947, 0.8230138399095083, 0.8328866968305719, 0.8229511832679043, 0.8308187504158626, 0.8307876993368378, 0.8522506487457582, 0.9540779492980238, 0.8230138399095083, 0.909790238871515, 0.9053926298046001, 0.9667038170647858, 0.9807599751591368, 0.8915887617273273, 0.8230138399095083, 0.8453744981923836, 0.917365315944729, 0.8342035952713642, 0.977245381151995, 0.8952270055670148, 0.8316637833521858, 0.9809166167631467, 0.9808231862842949, 0.9808539601215427, 0.9809168940049238, 0.9809166167631469, 0.9808539601215427, 0.9808852884423448, 0.9357248209018121, 0.9451341295717169, 0.981232117905383, 0.980763302060461, 0.980575332135649, 0.980544281056624, 0.9806066604564508, 0.9806693170980549, 0.9806693170980549, 0.9805129527358218, 0.981044425222348, 0.9810757535431499, 0.9810441479805709, 0.9808872291347839, 0.9182899172710537, 0.9810757535431499, 0.9169724643467074, 0.981044425222348, 0.9796931488012065, 0.9791916184265975, 0.9809482223257259, 0.9798780690664716, 0.9802251757712866, 0.9801622418879056, 0.9801619646461285, 0.9801622418879056, 0.9801938474504845, 0.9804145319049837, 0.9804771885465875, 0.9805085168673898, 0.9799726085124316, 0.9803197152172466, 0.9804145319049837, 0.9805085168673898, 0.9804458602257856, 0.9807910262381618, 0.9808539601215427, 0.929827611063056, 0.9233057755006986, 0.9323987513030364, 0.9806657129549539, 0.9286046975846695, 0.9346876594140218, 0.9799124470468206, 0.9463858761949121, 0.925657617495065, 0.9283221882138977, 0.930768569654224, 0.9310818528622441, 0.9806659901967307, 0.9806033335551267, 0.9805708962672167]}