{"params": {"kernel": "rbf", "probability": true, "C": 9601.083231562194, "class_weight": null, "gamma": 0.00010002382533688608}, "target": 0.9606752688172042, "targets": [0.9383612903225806, 0.5, 0.5, 0.5, 0.5, 0.5, 0.5, 0.8589321863799284, 0.5216580645161291, 0.8571413620071684, 0.5, 0.5825548387096775, 0.5, 0.5, 0.8529706093189964, 0.5, 0.5, 0.857977347670251, 0.5, 0.5, 0.5, 0.632713835125448, 0.9312100358422939, 0.5, 0.5, 0.8061390681003585, 0.8685491039426523, 0.8815489605734766, 0.8460301075268817, 0.9350881720430108, 0.9513878136200716, 0.9520989247311828, 0.9430583512544803, 0.9537714695340501, 0.9565482437275985, 0.9341270250896058, 0.9086752688172043, 0.9572240860215053, 0.9374368458781361, 0.9444106093189966, 0.9538787096774193, 0.9575440860215053, 0.957579641577061, 0.9606752688172042, 0.9605686021505375, 0.956583799283154, 0.9588960573476702, 0.8937258781362007, 0.9606397132616488, 0.8588140501792114, 0.8568189247311828, 0.8568352688172043, 0.8826526164874553, 0.85655082437276, 0.8569774910394266, 0.8570296774193549, 0.857652759856631, 0.8568708243727599, 0.8899148387096772, 0.8568708243727599, 0.8585058064516129, 0.858007741935484, 0.8578302508960572, 0.8585585663082439, 0.900878853046595, 0.8978537634408601, 0.8949356272401433, 0.9000243727598567, 0.9083197132616487, 0.9050090322580644, 0.9083908243727599, 0.9047601433691757, 0.9081416487455197, 0.8557683154121865, 0.9089600000000001, 0.9083908243727599, 0.9048668100358424, 0.8748926164874551, 0.9237731899641577, 0.8679443727598567, 0.8670870250896059, 0.8723621505376343, 0.8694758422939067, 0.8721470967741934, 0.8720045878136201, 0.8704722580645161, 0.870330035842294, 0.8707220071684588, 0.9600341218637993, 0.8747145519713261, 0.9580421505376344, 0.5136451612903226, 0.9478273835125448, 0.9571174193548387, 0.9599630107526881, 0.9605686021505375, 0.9577574193548386, 0.960533046594982, 0.9553382078853045, 0.9562990681003585, 0.960533046594982, 0.9600341218637993, 0.9577574193548386, 0.9568682437275985, 0.9565482437275985, 0.929431111111111, 0.9373298924731183, 0.9322775627240144, 0.9272602150537634, 0.9285413620071685, 0.9406746953405017, 0.9303561290322581, 0.9298933333333335, 0.9281144086021506, 0.938006594982079, 0.9274379928315412, 0.9288260931899641, 0.9334514695340502, 0.9267621505376343, 0.8848954838709677, 0.8877083870967741, 0.5, 0.8855360573476704, 0.5, 0.8877083870967741, 0.8853579928315414, 0.5, 0.5, 0.8841124014336919, 0.8837201433691757, 0.8891311827956988, 0.5, 0.8855363440860217, 0.9475068100358423, 0.9603191397849462, 0.9602835842293906, 0.9602835842293906, 0.9602835842293906, 0.947186523297491, 0.94551311827957, 0.9604260931899642, 0.5, 0.9588960573476702, 0.9492513261648746, 0.8687420788530466, 0.9597496774193548, 0.9600341218637993, 0.9600341218637993, 0.9599630107526881, 0.8842451612903226, 0.9232659498207886, 0.9602835842293906, 0.9603191397849462, 0.9475068100358423, 0.9162589247311826, 0.9147271684587814, 0.9136954838709679, 0.9172567741935485, 0.9132682437275987, 0.9137668817204302, 0.9113786379928316, 0.9191810752688173, 0.914513835125448, 0.914940788530466, 0.9152255197132616, 0.9199644444444444, 0.9117711827956988, 0.9115214336917562, 0.9152255197132616, 0.9429872401433691, 0.9409591397849463, 0.9445172759856633, 0.9423466666666667, 0.5, 0.9419549820788531, 0.9438767025089607, 0.8298428673835125, 0.9411727598566308, 0.9433430824372759, 0.8303764874551971, 0.8295228673835127, 0.9428447311827955, 0.9440550537634408, 0.960533046594982, 0.8271403584229391, 0.947008458781362, 0.7761994265232977, 0.9599985663082438, 0.9600341218637993, 0.802269677419355, 0.960533046594982, 0.9592874551971325, 0.9604974910394265, 0.9605686021505375, 0.9599274551971325, 0.9602124731182794, 0.9606397132616488, 0.960533046594982, 0.9599630107526881, 0.9596785663082438, 0.957721863799283, 0.9605686021505375, 0.9602124731182794, 0.9603191397849462, 0.957259641577061, 0.9606752688172042, 0.953914265232975, 0.8533938351254481, 0.9511389247311829, 0.9511389247311829, 0.8530655197132617, 0.9493938351254482, 0.9334162007168458, 0.9330956272401434, 0.9294663799283154, 0.9357287455197133, 0.8743839426523298, 0.874384229390681, 0.9319928315412188, 0.9348028673835126, 0.9289330465949821, 0.9326686738351256, 0.8743486738351255, 0.9307102508960574, 0.9308186379928316, 0.9466526164874551, 0.9475068100358423, 0.5, 0.9502121863799283, 0.9514233691756273, 0.5, 0.9470087455197133, 0.9518503225806452, 0.5176451612903226, 0.9513878136200716, 0.9500699641577061, 0.9502121863799283, 0.9517081003584229, 0.9514944802867383, 0.949891899641577, 0.9603546953405017, 0.9513167025089606, 0.9603191397849461, 0.9601055197132619, 0.9600696774193549, 0.9605686021505375, 0.9605686021505375, 0.9602124731182794, 0.9598207885304658, 0.9588960573476702, 0.9600341218637993, 0.9602480286738351, 0.9604619354838709, 0.9599985663082438, 0.9606752688172042, 0.9601055197132619, 0.9602480286738351, 0.9600341218637993, 0.9603546953405017, 0.9600341218637993, 0.5, 0.9439478136200716, 0.9604974910394265, 0.5, 0.9439836559139785, 0.944766164874552, 0.9452642293906809, 0.9427736200716845, 0.9421327598566307, 0.9408524731182796, 0.5, 0.9429161290322581, 0.9428447311827955, 0.9439836559139785, 0.942418064516129, 0.9421683154121864, 0.9422752688172042, 0.9420260931899641, 0.9410658064516129, 0.9401766308243727, 0.9271891039426523, 0.9256237992831542, 0.9270113261648746, 0.928043010752688, 0.9261215770609319, 0.9247343369175628, 0.9221000716845879, 0.9247343369175628, 0.9238087455197131, 0.9250193548387097, 0.9220289605734766, 0.9199644444444444, 0.9200711111111112, 0.9209964157706093, 0.952668387096774, 0.960533046594982, 0.9025187096774193, 0.952348100358423, 0.9004865949820788, 0.9520989247311828, 0.9501055197132617, 0.9605686021505375, 0.9032656630824374, 0.8964298207885305, 0.9521344802867382, 0.9506397132616489, 0.9018064516129032, 0.5, 0.9517081003584229, 0.9517436559139785, 0.9516725448028673, 0.9604260931899642, 0.9599630107526881, 0.5, 0.9605686021505375, 0.9517081003584229, 0.9603191397849461, 0.9517081003584229, 0.9604974910394265, 0.9597496774193548, 0.960533046594982, 0.9605686021505375, 0.9600341218637993, 0.9598918996415771, 0.9598207885304658, 0.9590741218637993, 0.9600696774193549, 0.9606752688172042, 0.9600341218637993, 0.9502477419354838, 0.9606397132616488, 0.9604260931899642, 0.9395721863799282, 0.9411372043010753, 0.9404255197132617, 0.9399277419354839, 0.5, 0.5, 0.9390738351254481, 0.9382910394265233, 0.9406746953405017, 0.9394655197132616, 0.9350881720430108, 0.9382199283154122, 0.9413505376344086, 0.9382199283154122, 0.935906523297491, 0.9396432974910395, 0.9470443010752689, 0.5, 0.9427736200716845, 0.9476848745519714, 0.9486104659498208, 0.9475068100358423, 0.5, 0.8289892473118281, 0.9503902508960573, 0.9492513261648746, 0.9490021505376344, 0.5, 0.9510675268817206, 0.8604722580645163, 0.9502121863799283, 0.9512455913978496, 0.6232367025089606, 0.9513878136200716, 0.952348100358423, 0.626449605734767, 0.9113069534050178, 0.9112005734767024, 0.9096358422939067, 0.910525017921147, 0.9092091756272401, 0.9606041577060932, 0.9606041577060932, 0.9153327598566309, 0.917292329749104, 0.9095291756272402, 0.9054007168458782, 0.9137668817204302, 0.9606752688172042, 0.9232037275985665, 0.9606752688172042, 0.9605686021505375, 0.9601055197132619, 0.9600341218637993, 0.9604974910394265, 0.8572857347670251, 0.9604260931899642, 0.9290397132616487, 0.9289686021505377, 0.9299644444444445, 0.9600341218637993, 0.9602835842293906, 0.9312455913978495, 0.9337714695340502, 0.9513878136200716, 0.9319928315412188, 0.9307830824372759, 0.8446325448028673, 0.9302139068100359, 0.9322775627240144, 0.9296441577060932, 0.9492863082437276, 0.8665006451612903, 0.9494293906810036, 0.9501410752688173, 0.9498560573476704, 0.9507825089605735, 0.9496427240143369, 0.8527168458781361, 0.9490021505376344, 0.9498560573476704, 0.946047311827957, 0.9502121863799283, 0.9503902508960573, 0.9508891756272402, 0.5, 0.9502121863799283, 0.9498560573476704, 