{"params": {"kernel": "rbf", "probability": true, "C": 2.28406851222413, "class_weight": "balanced", "gamma": 0.00010276438824996349}, "target": 0.9810661586840832, "targets": [0.9732910014513788, 0.5, 0.5, 0.5, 0.5, 0.5, 0.5, 0.9166542694726656, 0.5365064102564102, 0.8932704402515721, 0.5041666666666667, 0.6252564102564102, 0.5, 0.5, 0.8977065191098209, 0.5016666666666666, 0.5, 0.9116808780841801, 0.5, 0.5, 0.5, 0.7177083333333333, 0.9250507982583456, 0.9324086840832123, 0.9181688437348816, 0.9241884373488147, 0.9206295355587809, 0.9775647073052735, 0.9711901306240929, 0.9781718674407353, 0.9789417029511368, 0.9697284712143203, 0.9583678035800677, 0.9182758829221094, 0.9193329704886308, 0.977437106918239, 0.97855587808418, 0.9792918480890178, 0.97989900822448, 0.9805690614417031, 0.9804729075955491, 0.9798349056603775, 0.9796425979680696, 0.9413999758103533, 0.9805370101596518, 0.9390384615384615, 0.9469412191582004, 0.9431126028059991, 0.9161487058538945, 0.9431126028059991, 0.9378894533139815, 0.9413038219641994, 0.9475477745524916, 0.9181996855345913, 0.9173448838896953, 0.9177851354620221, 0.9183756652152878, 0.9182163159167877, 0.9170316279632317, 0.8975211659409771, 0.9198034591194968, 0.9179771407837446, 0.9182801161103049, 0.9625199564586356, 0.9090553942912434, 0.9063071480406386, 0.9283496613449443, 0.8889701257861635, 0.899559748427673, 0.878113509917755, 0.8964565191098209, 0.9278053942912434, 0.927325229801645, 0.929116473149492, 0.9803132559264635, 0.9612106918238993, 0.9604438800193517, 0.9650096758587324, 0.9602842283502661, 0.9800266086115144, 0.9612747943880018, 0.9626161103047896, 0.9804088050314466, 0.9796105466860183, 0.9801862602805999, 0.9631924286405418, 0.9794835510401547, 0.973025520077407, 0.9711586840832123, 0.9792604015481373, 0.9800266086115144, 0.9805049588776005, 0.9744575471698113, 0.9805049588776005, 0.5158333333333334, 0.9748754233188196, 0.9741092162554427, 0.920883526850508, 0.9487209724238026, 0.9494194484760522, 0.9509155781325592, 0.5, 0.5, 0.9499600870827287, 0.5, 0.5, 0.9530781325592645, 0.5, 0.9512651185292693, 0.9366678761490081, 0.5, 0.937953555878084, 0.934770198355104, 0.9758345428156747, 0.5, 0.9167404450895017, 0.9310032656023223, 0.9629142477019835, 0.9345784954039671, 0.5, 0.9770210449927431, 0.9767319787131108, 0.9795791001451379, 0.9803447024673441, 0.9803767537493953, 0.97989900822448, 0.9786852926947267, 0.9800266086115144, 0.9784276729559748, 0.9794521044992741, 0.9803453072085148, 0.9802824141267538, 0.9803132559264635, 0.9802824141267538, 0.9727733430091922, 0.9684234397677793, 0.9691890420899855, 0.5, 0.9692839864537977, 0.9671450169327528, 0.9640215287856797, 0.967784228350266, 0.9724570633768748, 0.9631924286405418, 0.9683599419448475, 0.9644678277697146, 0.9634796806966619, 0.9610510401548137, 0.9618807450411223, 0.9761236090953073, 0.9570283018867924, 0.9764761731978714, 0.9753864296081277, 0.9763800193517176, 0.9761550556361878, 0.9767640299951621, 0.9072550798258344, 0.9771813014029995, 0.9761550556361878, 0.9803447024673441, 0.8131730769230769, 0.9804088050314466, 0.9801862602805999, 0.9796105466860183, 0.9801862602805999, 0.9798349056603775, 0.979674649250121, 0.9805370101596518, 0.9495784954039671, 0.945601717464925, 0.979802854378326, 0.9799625060474118, 0.9795791001451379, 0.980090106434446, 0.9439749637155298, 0.9510746250604741, 0.9464943154329946, 0.9568372036768263, 0.9533321238509916, 0.9583678035800677, 0.973916908563135, 0.9729626269956458, 0.9721413884857281, 0.9732166182873729, 0.5008333333333332, 0.9718559506531204, 0.971127237542332, 0.9727104499274312, 0.9730890179003386, 0.9721728350266087, 0.9734712143202708, 0.9802183115626513, 0.9805370101596518, 0.9804408563134978, 0.9800266086115144, 0.97989900822448, 0.9775647073052733, 0.9804729075955491, 0.9801862602805999, 0.9803447024673441, 0.9773095065312045, 0.9805370101596518, 0.9783635703918723, 0.9773095065312045, 0.9773095065312045, 0.9773095065312045, 0.9764761731978714, 0.9769248911465892, 0.5348397435897436, 0.9769248911465892, 0.9770210449927431, 0.9764441219158201, 0.9073814707305274, 0.961944847605225, 0.9628725205611998, 0.9805370101596518, 0.9622653604257376, 0.9629366231253023, 0.9071341315916788, 0.9070730527334302, 0.5, 0.9631924286405418, 0.9804408563134978, 0.9801862602805999, 0.9652642718916304, 0.9797387518142235, 0.9804729075955491, 0.9794835510401547, 0.979674649250121, 0.9796425979680696, 0.9801862602805999, 0.5075000000000001, 0.9795791001451379, 0.9801862602805999, 0.9800266086115144, 0.9766043783260763, 0.9803447024673441, 0.9761550556361878, 0.9759627479438799, 0.9743311562651187, 0.5083333333333333, 0.9751638848572812, 0.9739489598451863, 0.9749074746008709, 0.9751312288340591, 0.9749074746008709, 0.9745549104983067, 0.9745863570391873, 0.9749074746008709, 0.9740759554910499, 0.9805370101596518, 0.9801862602805999, 0.9802503628447026, 0.9801542089985485, 0.9803447024673441, 0.9801221577164974, 0.9801542089985485, 0.9803767537493953, 0.9804088050314466, 0.9796105466860183, 0.9776288098693758, 0.9775647073052735, 0.9775647073052735, 0.9773095065312047, 0.9775647073052735, 0.9766678761490082, 0.9771486453797775, 0.9768607885824867, 0.9772133526850508, 0.9678156748911466, 0.9701100628930817, 0.9696014755684568, 0.9669847605224964, 0.9671444121915821, 0.9674649250120948, 0.9670168118045478, 0.9658369617803579, 0.9686145379777455, 0.965932510885341, 0.9668886066763426, 0.9805690614417031, 0.9655509192065794, 0.9560709966134494, 0.9802183115626513, 0.9548615142718916, 0.9803447024673441, 0.9801862602805999, 0.9804729075955491, 0.7414262820512821, 0.9801862602805999, 0.9799945573294628, 0.9804408563134978, 0.9801862602805999, 0.9763479680696662, 0.9805049588776005, 0.9770210449927431, 0.97673137397194, 0.9767319787131108, 0.5, 0.9771171988388969, 0.9764761731978714, 0.9759947992259314, 0.9764761731978714, 0.5, 0.9771165940977262, 0.9769248911465892, 0.9764761731978714, 0.9758024915336236, 0.9761550556361878, 0.5, 0.9763800193517176, 0.5, 0.9562941461054667, 0.9548615142718916, 0.5, 0.9561030478955006, 0.5, 0.9580805515239476, 0.9534911707789065, 0.5, 0.9598367198838897, 0.9583037010159652, 0.5, 0.980569061441703, 0.9713812288340591, 0.5, 0.9805049588776005, 0.9803767537493953, 0.9711901306240929, 0.9803767537493953, 0.9070984518626029, 0.9800266086115144, 0.9709990324141267, 0.9801221577164974, 0.9810661586840832, 0.9722357281083696, 0.9801862602805999, 0.9759458151910982, 0.9775647073052733, 0.9279589985486212, 0.9768607885824867, 0.9720778906627963, 0.9769248911465892, 0.9769248911465892, 0.9353483309143685, 0.9768281325592646, 0.9766993226898887, 0.977699564586357, 0.9766678761490082, 0.9095936139332366, 0.9097780599903242, 0.8764767779390421, 0.969157595549105, 0.9088630865989357, 0.9685516448959846, 0.9689979438800194, 0.9671764634736333, 0.960601717464925, 0.9687100870827285, 0.9706494920174166, 0.9657414126753749, 0.9663243831640059, 0.9677896710208032, 0.9804088050314466, 0.9805370101596518, 0.9124358974358973, 0.9771813014029995, 0.9776288098693758, 0.9805049588776005, 0.9805049588776005, 0.9805049588776005, 0.9804088050314466, 0.9804088050314466, 0.9804088050314466, 0.9770210449927431, 0.9775326560232221, 0.9406670295113692, 0.9415281809385583, 0.9390705128205129, 0.9437832607643927, 0.9763153120464441, 0.9766358248669569, 0.9765402757619738, 0.9764761731978714, 0.9754505321722302, 0.9752273826802129, 0.9743311562651187, 0.9749074746008709, 0.958558901790034, 0.9591328011611031, 0.9596444121915821, 0.9209149733913886, 0.9626481615868409, 0.9599649250120947, 0.9804088050314466, 0.9583678035800677, 0.5, 0.9804088050314466, 0.9803447024673441, 0.9801542089985487, 0.5, 0.5, 0.9803447024673441, 0.5, 0.9453307934204161, 0.9804088050314466, 0.9775326560232221, 0.9771171988388969, 0.9725828495403969, 0.9193988872762457, 0.9720778906627963, 0.9726155055636188, 0.9734712143202708, 0.9070972423802612, 0.9732166182873729, 0.9725828495403969, 0.9725514029995163, 0.9071292936623125, 0.9711901306240929, 