{"params": {"n_jobs": 1, "reg_alpha": 0.0013506238190577698, "learning_rate": 0.10348119407235627, "min_child_weight": 0.003837637141449123, "n_estimators": 3933, "subsample": 0.6372979260191114}, "target": 0.8784741928061969, "targets": [0.8215309200603318, 0.7586752562824348, 0.7803212158396605, 0.8052553876831047, 0.6980478436485417, 0.7587065725899225, 0.837309865275967, 0.8470818314287907, 0.7370241838586804, 0.7844651941611065, 0.5, 0.7916973438658385, 0.8125616739525017, 0.7667414423396478, 0.8332119027532787, 0.7808810747245444, 0.807050642942966, 0.8239563361198456, 0.5, 0.7211848429071759, 0.7719808523148504, 0.8300080527647827, 0.7645326839992841, 0.5, 0.8495315336043154, 0.5, 0.5, 0.8228065802592223, 0.8489985172687067, 0.8314652197254391, 0.8471412685021857, 0.8481414730168468, 0.8654037886340976, 0.5856101567093591, 0.8493819822583533, 0.8437552726436077, 0.8333435590663907, 0.8481344428253701, 0.8393479816959377, 0.8491544596978298, 0.8491391210982437, 0.8464056548303807, 0.8432094741416775, 0.854713423831071, 0.847943349438863, 0.848489147940793, 0.8516322826392617, 0.8512647953575172, 0.8296431219163024, 0.8345386916174553, 0.8467379911547409, 0.8524803793746963, 0.845310223176624, 0.8353548329370861, 0.8352372370069279, 0.8508889996676636, 0.860122197510034, 0.864043766137485, 0.8494164941074214, 0.8580310350998287, 0.8503700437150089, 0.8590830073880922, 0.8443988547178976, 0.8533783265587852, 0.8437015875450571, 0.8613735715929135, 0.8613837973259708, 0.8310044226295472, 0.8579958841424447, 0.8580706598154256, 0.8545031571950815, 0.8692678375131017, 0.8608418334739371, 0.8721003655699567, 0.8683660556791164, 0.849907968402485, 0.8571720735230206, 0.8472710074903494, 0.8509484367410589, 0.85261011836286, 0.8511964107676968, 0.8622012168622337, 0.841421888181609, 0.8436427895799781, 0.8469393102743051, 0.8456387248510877, 0.845583122427589, 0.8435283891914, 0.8496082266022447, 0.8678387913183526, 0.8691643019658972, 0.8601822736917454, 0.8550674898381778, 0.860154792034154, 0.859824373034742, 0.8677007439220799, 0.8696525807193802, 0.8582208502697037, 0.86053506148222, 0.8546022189840734, 0.8644962548252678, 0.8596594830891939, 0.8656089424035585, 0.8686888053787355, 0.8555487384001841, 0.8595080144182836, 0.8630844645550528, 0.8623264820921849, 0.8635567656006341, 0.8637951530025308, 0.8602743052892604, 0.8578495283380627, 0.8164308356980341, 0.8566748472531124, 0.8634928547690262, 0.8563482629035969, 0.85861901475062, 0.851279494848787, 0.8563290896541146, 0.8521716900580311, 0.8586714216325383, 0.8558459237671603, 0.8599835110054451, 0.8599183219572053, 0.855796073318506, 0.8578642278293325, 0.864588286422783, 0.8612732315872893, 0.8654108188255745, 0.846837692052049, 0.8649736687373777, 0.8470147250556025, 0.8641843699670219, 0.8659438351611832, 0.8603081780300126, 0.8575580949459315, 0.8507253879387479, 0.8576469310018663, 0.8364477081575785, 0.8615934248536442, 0.8531105401743486, 0.8268955952654856, 0.8652689367794053, 0.8580553212158397, 0.8668417823452719, 0.8436830534038908, 0.8242279571541784, 0.865925301020017, 0.8658978193624254, 0.5, 0.8427461206125214, 0.5, 0.6208627323158729, 0.8518566096582048, 0.7972607817572923, 0.8548016207786896, 0.8622293376281412, 0.8397755451593936, 0.8614061661170336, 0.8627201728148887, 0.8474218370529437, 0.8443093795536466, 0.8280025308689318, 0.8506423038576578, 0.8456751540251041, 0.8505170386277066, 0.8498012373136999, 0.8610220620190709, 0.8617576756908761, 0.8623737761075747, 0.8501936498197715, 0.8576309532939643, 0.8660748523659791, 0.8677557072372626, 0.8642054605414525, 0.8683833116036507, 0.8495264207377866, 0.7696391594447427, 0.5, 0.8306094536902113, 0.8530760283252805, 0.854201498069893, 0.8645876473144669, 0.8453984201242427, 0.8603637804535114, 0.8297613569547767, 0.7201485287726564, 0.8536499475931182, 0.8593693279136948, 0.8658204872561802, 0.8561993506659509, 0.8660556791164968, 0.8750926707058312, 0.8691265945752485, 0.8676298028989955, 0.8661234245980008, 0.8612649231791802, 0.8622676841271059, 0.8608897665976428, 0.8766022445484062, 0.8677454815042054, 0.8744855178055577, 0.8404280747501087, 0.8719993864560166, 0.8597873047524095, 0.8699433750031955, 0.8691451287164147, 0.8662391032032108, 0.8682177825497865, 0.8717756985453894, 0.860426413068487, 0.8722371347495972, 0.8632142035432164, 0.8698449523225197, 0.8708221489378021, 0.8633957103049825, 0.8723732648209218, 0.8759299025998928, 0.8711896362195466, 0.874853005087302, 0.8670437405731523, 0.8730174860035278, 0.8699280364036097, 0.8734476059002478, 0.8698487869724161, 0.8747462739985175, 0.8579287777692564, 0.8684670347930566, 0.8676540890150063, 0.8638079351688525, 0.8550738809213385, 0.8689265536723164, 0.8653795025180868, 0.8672572027507222, 0.8592280849758416, 0.857927499552624, 0.8521346217756985, 0.8697126569010916, 0.864836260449421, 0.8621500881969476, 0.8567585704425186, 0.8727030447120179, 0.8705594754198941, 0.8650279929442443, 0.8585876984431321, 0.860286448347266, 0.8653833371679832, 0.8640220364547384, 0.8624562210803486, 0.8650164889945549, 0.8623993404402178, 0.8703057494184113, 0.8671018994299153, 0.8607152900273538, 0.8735703146969348, 0.8658147352813355, 0.872538793874786, 0.8644118925275455, 0.8721406293938696, 0.8498977426694274, 0.8598620804253905, 0.8728263926170208, 0.8611805608814581, 0.8596026024490631, 0.8558644579083262, 0.861542296188358, 0.8635407878927321, 0.8613531201267991, 0.8629892374159572, 0.8597144464043766, 0.8627406242810031, 0.8666334330342306, 0.8578118209474141, 0.8627022777820386, 0.8624268220978092, 0.865628115653041, 0.8672789324334689, 0.8572915867781271, 0.8666979829741545, 0.867255285425774, 0.8660991384819898, 0.8644751642508373, 0.8692659201881534, 0.8701191297901169, 0.864912314339034, 0.8667638111307105, 0.8658460515888233, 0.8549601196410768, 0.8617723751821458, 0.8663279392591455, 0.8613147736278345, 0.8671197944627655, 0.799720709665874, 0.8423843853056215, 0.8335378479944779, 0.8631566837947695, 0.8527871513664136, 0.8654651430324412, 0.8667484725311245, 0.854614362042079, 0.8713692256563643, 0.8629598384334176, 0.8617921875399442, 0.5, 0.5, 0.8646374977631209, 0.8541893550118873, 0.8753668481734284, 0.8364029705754531, 0.8681410895518573, 0.8663988802822302, 0.8667452769895441, 0.8583761535905106, 0.863796431219163, 0.8695196461896362, 0.8679896208809469, 0.8593360942812588, 0.8630838254467367, 0.8658019531150141, 0.8706968837078508, 0.8646100161055296, 0.8662538026944807, 0.856266457039139, 0.8716005828667843, 0.8482788813048036, 0.8675684485006518, 0.8684561699516834, 0.8628920929519135, 0.8634679295446993, 0.8681493979599664, 0.8483159495871361, 0.5, 0.5, 0.8674329575376435, 0.8620165145588874, 0.8525954188715904, 0.8763101720479588, 0.8684791778510622, 0.8731529769665363, 0.8690671575018534, 0.8677895799780148, 0.8696628064524375, 0.8568544366899301, 0.8784741928061969, 0.8669242273180459, 0.8630467571644042, 0.8659048495539023, 0.8714401666794489, 0.8549358335250659, 0.8093137254901961, 0.8709512488176496]}