{"params": {"kernel": "poly", "probability": true, "C": 4.2729046863117235, "degree": 2, "class_weight": null, "gamma": 0.00011561679387938211, "coef0": 9.969196565045404}, "target": 0.9891273703270655, "targets": [0.8860497208282954, 0.917979230983612, 0.8993268451719638, 0.9692812476359846, 0.7946271688073754, 0.9602535698094574, 0.9267396818414678, 0.8030620526114636, 0.9301736788870434, 0.796946460090566, 0.9178580765911386, 0.794325401381762, 0.9881340750120436, 0.7955608707159996, 0.7980009704929534, 0.8759034604785118, 0.8042438627236729, 0.9215317994118104, 0.8404933467955316, 0.9828710464451227, 0.98837603789828, 0.8404035299277854, 0.7944154293824873, 0.806456949626187, 0.794325401381762, 0.8032141222627059, 0.8030617740956186, 0.8206340799534537, 0.9564424623100679, 0.7943853496712524, 0.8834340123190254, 0.8732456421703896, 0.9728449387292095, 0.9875316632085781, 0.8442005589004411, 0.7943554810929969, 0.8210214910013327, 0.9435565134703738, 0.8086324279052752, 0.9826894541143348, 0.8520372131309261, 0.9201300740870118, 0.9302644615758642, 0.9310113871652351, 0.9308628888058731, 0.9311936128949603, 0.9891273703270655, 0.9867135274067678, 0.9284035310059112, 0.9288526827275074, 0.9890671435217303, 0.989097012099986, 0.989097012099986, 0.9890061485517265, 0.9890671435217303, 0.9891270918112209, 0.9890671435217303, 0.9890367852946508, 0.988555950149617, 0.928071378400072, 0.9888560374957794, 0.9887955995574653, 0.9886154761731492, 0.9884063961253595, 0.9280417209547954, 0.9887955995574653, 0.9886752133296606, 0.9886154761731492, 0.9885260815713612, 0.9887955995574653, 0.9881054642472804, 0.9888264474333687, 0.9887955995574653, 0.9888560374957794, 0.9874112095979075, 0.9865692157694594, 0.9861178943195885, 0.9870494264999381, 0.9880136214013732, 0.9882552294045169, 0.9883156673428314, 0.9881340750120436, 0.9881340750120436, 0.9868995939598358, 0.9882853091157517, 0.9883457470540661, 0.9883756156323218, 0.9884962129931056, 0.9881340750120436, 0.9881340750120436, 0.9884960018601264, 0.9884962129931056, 0.9881947914662026, 0.9884362647036152, 0.9882853091157517, 0.9884355639218121, 0.9884661332818709, 0.9884960018601264, 0.9884962129931056, 0.9884661332818709, 0.9883156673428314]}