{"params": {"kernel": "linear", "probability": true, "C": 0.0004750678248593206, "class_weight": null}, "target": 0.9866053407855923, "targets": [0.9820621797857475, 0.9820621797857475, 0.9820621797857475, 0.9820621797857475, 0.9820621797857475, 0.9820621797857475, 0.9820621797857475, 0.9820621797857475, 0.9820621797857475, 0.9820621797857475, 0.9822817552731387, 0.9865108013396323, 0.9820621797857475, 0.9820621797857475, 0.9820621797857475, 0.9820621797857475, 0.9820621797857475, 0.9820621797857475, 0.9820621797857475, 0.9820621797857475, 0.9820621797857475, 0.9820621797857475, 0.9820621797857475, 0.9820621797857475, 0.9820621797857475, 0.9820621797857475, 0.9820621797857475, 0.9843494244460709, 0.9820621797857475, 0.9820621797857475, 0.9857004236254353, 0.9820621797857475, 0.9820621797857475, 0.9844747377292791, 0.9820621797857475, 0.9859155632443942, 0.9820621797857475, 0.9820621797857475, 0.9820621797857475, 0.9820621797857475, 0.9820621797857475, 0.9857921906536253, 0.9842249428881941, 0.9823701954000044, 0.9778824827555616, 0.9822759331958213, 0.986040044802271, 0.9813025373167431, 0.9789803601925167, 0.984693758733116, 0.9854769667531661, 0.9864478674562512, 0.9847894071461841, 0.9813338656375452, 0.9788550469093087, 0.9830926874708895, 0.9852612726506532, 0.9864165391354491, 0.9852920464879013, 0.9852920464879013, 0.9851661787211391, 0.9833125402000575, 0.9784466697717745, 0.9857628030252623, 0.9849776543127732, 0.98488339210859, 0.9838781134251559, 0.9857919134118482, 0.9840987978796548, 0.9818658926076254, 0.9837225807882538, 0.9852920464879013, 0.9823377581120945, 0.9823377581120945, 0.9860408765276022, 0.9862601747732163, 0.9856959877570031, 0.9859468915651961, 0.9861348614900083, 0.9859155632443942, 0.9859468915651961, 0.9859155632443942, 0.9861032559274292, 0.9858213010402113, 0.9824067913145695, 0.9824067913145695, 0.9824383968771485, 0.9822812007895847, 0.9820624570275246, 0.9823130835939405, 0.9820621797857475, 0.9861975181316123, 0.9820937853483265, 0.9823130835939405, 0.9824381196353716, 0.9825321045977775, 0.9826576951227626, 0.9824067913145695, 0.9861035331692062, 0.9823441346729656, 0.9824067913145695, 0.9822817552731387, 0.9864794730188302, 0.9824383968771485, 0.9820621797857475, 0.9823130835939405, 0.9822188213897576, 0.9827827311641937, 0.9826263668019607, 0.9821561647481536, 0.9823444119147426, 0.9830962916139907, 0.9824067913145695, 0.9830020294098076, 0.9833469181804068, 0.9832216048971988, 0.9834411803845897, 0.9832216048971988, 0.9833469181804068, 0.9833782465012086, 0.9832216048971988, 0.9832529332180007, 0.9830962916139907, 0.9830962916139907, 0.9834409031428129, 0.9832529332180007, 0.9832529332180007, 0.9833469181804068, 0.9832842615388028, 0.9832529332180007, 0.9833469181804068, 0.9832216048971988, 0.9844747377292791, 0.9833779692594318, 0.9836602013884269, 0.9844747377292791, 0.9831899993346196, 0.9832213276554217, 0.9841301262004569, 0.9841301262004569, 0.9846629848958681, 0.9845689999334619, 0.9845689999334619, 0.9842241111628628, 0.9847256415374719, 0.98469431321667, 0.984851232062457, 0.9847882981790761, 0.9847882981790761, 0.9847882981790761, 0.9847882981790761, 0.984819626499878, 0.9863552687027302, 0.9848199037416551, 0.9864800275023843, 0.9863865970235322, 0.9847882981790761, 0.9853225430833723, 0.9863863197817553, 0.9860730365737351, 0.984945217024863, 0.9864173708607801, 0.9864489764233593, 0.9864173708607801, 0.9863552687027302, 0.9862923348193492, 0.9863863197817553, 0.9856674318539712, 0.9866053407855923, 0.9863863197817553, 0.9864173708607801, 0.9863854880564243, 0.9864794730188302, 0.9865105240978552, 0.9864489764233593, 0.9864165391354491, 0.9864794730188301, 0.9863538824938451, 0.9864168163772262, 0.9865108013396322, 0.9860722048484043, 0.9862601747732163, 0.9863852108146473, 0.9860722048484043, 0.9864165391354491, 0.9863852108146473, 0.9861983498569431, 0.9865426841439883, 0.9860730365737351, 0.9862610064985473, 0.9862923348193492, 0.9863239403819282, 0.9857603078492693, 0.9858224100073192, 0.9860730365737351, 0.9863552687027302, 0.9861670215361412, 0.9857919134118482, 0.9862923348193492, 0.9862296781777452, 0.9860417082529332, 0.9861043648945372, 0.9858235189744272, 0.9858235189744272, 0.9848520637877881, 0.984852341029565, 0.9851977842837183, 0.9854170825293324, 0.9820621797857475, 0.9847894071461841, 0.9850403109543772, 0.984758078825382, 0.9851345731585601, 0.9853544258877281, 0.984758078825382, 0.984820735466986, 0.9842249428881941, 0.9848520637877879, 0.9847578015836049, 0.984820735466986, 0.984632488300397, 0.984600882737818, 0.9846638166211991, 0.9820621797857475, 0.9848833921085902, 0.9820621797857475, 0.984600882737818, 0.9848520637877879, 0.984632488300397, 0.9820621797857475, 0.9820621797857475, 0.985195011865948, 0.985195011865948, 0.985163683545146, 0.985194734624171, 0.9852271719120811, 0.985570397232018, 0.985382427307206, 0.9851639607869229, 0.9853217113580411, 0.985163683545146, 0.9857894182358551, 0.985727316077805, 0.9851323552243441, 0.9851007496617651, 0.985163683545146, 0.985664659436201, 0.985664659436201, 0.9856646594362012, 0.9854769667531661, 0.9859468915651961, 0.985508295073968, 0.9856959877570031, 0.9856333311153991, 0.9856959877570031, 0.9858529066027902, 0.9856959877570031, 0.9857899727194089, 0.9858213010402113, 0.985508295073968, 0.985727316077805, 0.9856333311153991, 0.9856646594362012, 0.985445638432364, 0.9856646594362012, 0.985758644398607, 0.9859468915651961, 0.9859468915651961, 0.9859155632443942, 0.9858842349235921, 0.9837225807882538, 0.9820621797857475, 0.9836912524674517, 0.9859155632443942, 0.9840987978796548, 0.9860722048484043, 0.984569831658793, 0.9860408765276022, 0.9858839576818152, 0.9820621797857475, 0.9820621797857475, 0.984726473262803, 0.9834400714174818, 0.9820621797857475, 0.98488339210859, 0.9820621797857475, 0.9862601747732163, 0.985040588196154, 0.9848204582252091, 0.9820621797857475, 0.9820621797857475, 0.9833142036507198, 0.9836599241466498, 0.984946048750194, 0.9835972675050458, 0.9832199414465366, 0.984851786546011, 0.9820621797857475, 0.9863225541730432, 0.9820621797857475, 0.9820621797857475, 0.9848831148668131, 0.9820621797857475, 0.9862915030940181, 0.9845698316587932, 0.9865110785814093, 0.9820621797857475, 0.9865113558231862, 0.9865113558231862, 0.9865113558231862, 0.9820621797857475, 0.9865110785814093, 0.9820621797857475, 0.9865737352230133, 0.9864800275023843, 0.9865424069022113, 0.9864173708607801, 0.9865113558231862, 0.9865110785814093, 0.9866053407855923, 0.9820621797857475, 0.9864797502606072, 0.9820621797857475, 0.9865424069022113, 0.9865426841439884, 0.9820621797857475, 0.9865426841439884, 0.9820621797857475, 0.9865740124647904, 0.9864800275023843, 0.9863552687027302, 0.9820621797857475, 0.9864173708607801, 0.9820621797857475, 0.9865113558231862, 0.9861670215361412, 0.9820621797857475, 0.9820621797857475, 0.9820621797857475, 0.9861043648945372, 0.9820621797857475, 0.9857295340120211, 0.9859480005323042, 0.9857921906536253, 0.9856979284494422, 0.9856979284494422, 0.9856984829329962, 0.9857919134118482, 0.9820621797857475, 0.9820621797857475, 0.9857919134118482, 0.9820621797857475, 0.9856979284494422, 0.9857295340120211, 0.9857295340120211, 0.9854170825293324, 0.9820621797857475, 0.9856984829329962, 0.9820621797857475, 0.9857298112537982, 0.9857295340120211, 0.9820621797857475, 0.9854486880919111, 0.984820735466986, 0.9855731696497882, 0.98538575420853, 0.9854484108501342, 0.9820621797857475, 0.985291769246124, 0.9854170825293324, 0.984945217024863, 0.985291769246124, 0.985071639275179, 0.9848520637877879, 0.9847882981790761, 0.98538575420853, 0.9864481446980282, 0.9864168163772262, 0.984851232062457, 0.98510213587065, 0.984851232062457, 0.984819626499878, 0.9864794730188302, 0.9847882981790761, 0.9864481446980283, 0.984851232062457, 0.9851650697540311, 0.985008150908244, 0.9864481446980282, 0.985227726395635, 0.984882560383259, 0.984882560383259, 0.984851232062457, 0.984819626499878, 0.9864794730188302, 