{"params": {"n_jobs": 1, "reg_alpha": 0.002098198384085941, "learning_rate": 0.13086635053389184, "min_child_weight": 0.004732687369273243, "n_estimators": 2271, "subsample": 0.502086712517363}, "target": 0.9251802150537636, "targets": [0.8716068817204302, 0.845531182795699, 0.8518646594982078, 0.8862282437275987, 0.8071885304659497, 0.8496123297491038, 0.89032458781362, 0.8958686738351254, 0.8007174193548388, 0.8723331899641578, 0.5, 0.8705559856630825, 0.8873924014336918, 0.8628929032258064, 0.8935116845878136, 0.8563827956989247, 0.8779595698924731, 0.875813046594982, 0.5, 0.8244101792114694, 0.8475724731182795, 0.8635767741935483, 0.8577416487455196, 0.5, 0.8995372043010752, 0.9062291039426522, 0.8936854480286737, 0.9071948387096775, 0.91615541218638, 0.8609169892473117, 0.9081439426523298, 0.8818024372759856, 0.9050202150537634, 0.7041734767025091, 0.8998494623655914, 0.9095621505376345, 0.905538064516129, 0.9098755555555555, 0.903208888888889, 0.9033043727598565, 0.9015466666666667, 0.9044539068100359, 0.9081416487455197, 0.904849605734767, 0.914445017921147, 0.9085645878136202, 0.9089763440860216, 0.9104541935483871, 0.9116797132616486, 0.9025333333333334, 0.8959575627240144, 0.905056917562724, 0.9132249462365591, 0.9073694623655915, 0.9006190681003584, 0.8990170609318996, 0.8898586379928316, 0.8983297491039426, 0.903440430107527, 0.9052562007168458, 0.9064151971326165, 0.9002577777777778, 0.9018689605734768, 0.8914345519713262, 0.9080002867383513, 0.9065622939068099, 0.905533476702509, 0.9137187096774193, 0.898445017921147, 0.9119314695340501, 0.8976315412186381, 0.9043039426523297, 0.9024060215053764, 0.9213866666666666, 0.9008556272401433, 0.9062285304659499, 0.9070437275985663, 0.9070075985663083, 0.9095512544802867, 0.905718136200717, 0.9044951971326165, 0.9162979211469533, 0.9117347670250895, 0.91104688172043, 0.9202044444444445, 0.9106830107526882, 0.9134916129032258, 0.9123222939068102, 0.9173958422939068, 0.9108131899641577, 0.9142517562724015, 0.9251802150537636, 0.9127670250896058, 0.9165439426523296, 0.9196622222222223, 0.9169654480286737, 0.9110939068100359, 0.914192688172043, 0.9171111111111111, 0.9094463082437276, 0.9161476702508959, 0.9127248745519714, 0.913798422939068, 0.9140301075268817, 0.9105634408602151, 0.9136031541218637, 0.9147730465949822, 0.9170311111111111, 0.9125063799283154, 0.9170572043010754, 0.9150164874551973, 0.916900358422939, 0.9144880286738353, 0.9160382795698924, 0.910065376344086, 0.907029964157706, 0.9210898924731182, 0.9186818637992833, 0.9155988530465949, 0.9095125448028674, 0.8838987813620072, 0.5, 0.9113591397849463, 0.5, 0.9116759856630825, 0.5, 0.9165866666666667, 0.916093476702509, 0.5, 0.9058397132616488, 0.9169126881720431, 0.8990789964157706, 0.9042715412186378, 0.9167042293906811, 0.880958853046595, 0.9003581362007168, 0.894996129032258, 0.898786523297491, 0.9152940501792115, 0.8994067383512545, 0.9132464516129032, 0.9148874551971327, 0.9149657347670251, 0.9174497491039426, 0.9105448028673836, 0.9115948387096774, 0.912325734767025, 0.9156292473118279, 0.9151736200716846, 0.9205998566308242, 0.9215681720430109, 0.9107065232974909, 0.9092364157706093, 0.9160389964157707, 0.5, 0.9168387096774193, 0.9171509677419355, 0.9155159856630825, 0.9145060931899642, 0.9125516845878137, 0.9169290322580645, 0.9197244444444443, 0.9036854480286738, 0.9109416487455197, 0.9153548387096775, 0.9107607168458781, 0.9140455913978494, 0.911329605734767, 0.8747429390681003, 0.9153714695340502, 0.9124206451612903, 0.916776487455197, 0.9136189247311828, 0.9192685304659498, 0.9168900358422938, 0.9163911111111112, 0.9139351971326166, 0.9211257347670252, 0.5, 0.9148220788530466, 0.9175280286738351, 0.9162153405017921, 0.9136117562724013, 0.9161485304659498, 0.9221081003584229, 0.9208596415770609, 0.9213326164874551, 0.9179420788530466, 0.8909562724014336, 0.913118853046595, 0.914343512544803, 0.9177241577060933, 0.9134187813620072, 0.9069126881720428, 0.9141106810035844, 0.9056573476702509, 0.9210130465949821, 0.8721895340501792, 0.9166400000000001, 0.8966291039426523, 0.9184920430107526, 0.9231113978494623, 0.8982058781362007, 0.9217731899641578, 0.9193138351254481, 0.9147882437275985, 0.9203432258064517, 0.9231521146953405, 0.9130227956989249, 0.9232252329749103, 0.9172206451612903, 0.9147690322580646, 0.9123782078853047, 0.9180344086021506, 0.9190451612903227, 0.9136665232974911, 0.9223449462365592, 0.918589247311828, 0.9198853046594981, 0.9170933333333334, 0.9184312544802866, 0.9187962724014337, 0.9203010752688172, 0.9221602867383512, 0.9174850179211471, 0.9159168458781363, 0.9184209318996416, 0.9193060931899643, 0.9173929749103943, 0.8884237992831542, 0.9202463082437277, 0.9182652329749106, 0.9155317562724015, 0.9187099641577061, 0.9137101075268819, 0.9145382078853046, 0.918136487455197, 0.9168868817204302, 0.9185468100358424, 0.9186230824372761, 0.9173641577060933, 0.9192957706093191, 0.9181668817204303, 0.9191842293906809, 0.9169829390681004, 0.9147059498207885, 0.9095165591397849, 0.9046379928315412, 0.9118124731182796, 0.9191730465949821, 0.9169132616487456, 0.9123234408602151, 0.9149906810035843, 0.8932086021505375, 0.9151389247311827, 0.9147850896057348, 0.9140797132616487, 0.9165972759856631, 0.9090729749103943, 0.910581505376344, 0.9155779211469535, 0.9212550537634409, 0.9153195698924732, 0.9126288172043011, 0.920876559139785, 0.9085344802867384, 0.8873124014336918, 0.9127231541218638, 0.9157660215053763, 0.8375033691756272, 0.9192246594982079, 0.9105829390681004, 0.9168060215053764, 0.9116871684587815, 0.9156008602150537, 0.916771899641577, 0.9131675985663081, 0.9110322580645163, 0.9120868817204301, 0.9183627240143369, 0.9118213620071686, 0.9151598566308243, 0.9198356989247312, 0.9184412903225807, 0.9033611469534051, 0.8164217921146953, 0.9137534050179212, 0.9199833691756272, 0.919178494623656, 0.9174434408602151, 0.9202752688172045, 0.9191059498207885, 0.9232590681003584, 0.8923601433691756, 0.9195787813620072, 0.9209344802867383, 0.9178182078853047, 0.9199678853046596, 0.8633508243727599, 0.9175323297491038, 0.9235951254480288, 0.9191888172043011, 0.9172774193548386, 0.9186810035842294, 0.9122222222222222, 0.865526594982079, 0.9131326164874551, 0.9086520430107526, 0.9109525448028674, 0.8781439426523298, 0.9190001433691757, 0.9161356272401433, 0.9181820788530466, 0.9119045161290321, 0.9165634408602152, 0.9095833691756272, 0.9119093906810039, 0.8938936200716846, 0.8767750537634409, 0.9140599283154124, 0.9127068100358423, 0.9182098924731182, 0.9091690322580647, 0.9150583512544802, 0.9183039426523297, 0.9206256630824374, 0.8982557706093189, 0.9018225089605736, 0.9154104659498209, 0.9169169892473118, 0.8988602150537635, 0.5, 0.5, 0.9158084587813621, 0.9178053046594983, 0.9113872401433692, 0.9200395698924732, 0.9185858064516129, 0.914253046594982, 0.9093548387096775, 0.9161086738351255, 0.9089786379928315, 0.9161382078853046, 0.915302365591398, 0.916264659498208, 0.9100989247311828, 0.9114348387096773, 0.9175678853046595, 0.9120421505376344, 0.9145364874551971, 0.9189579928315412]}