{"params": {"kernel": "poly", "probability": true, "C": 684.8885412975083, "degree": 3, "class_weight": "balanced", "gamma": 0.0010628964957386784, "coef0": 8.291126345018904}, "target": 0.9790655197132617, "targets": [0.8636177777777778, 0.8713843727598567, 0.9101169892473118, 0.9541012186379929, 0.8763561290322581, 0.9389531182795701, 0.8803231541218638, 0.8229232974910394, 0.8835664516129033, 0.8784562007168459, 0.8710279569892473, 0.8756094623655916, 0.9751610035842294, 0.8772106093189965, 0.8790612186379928, 0.8592868817204302, 0.8240642293906809, 0.8769772043010754, 0.9139403584229392, 0.9790655197132617, 0.9752318279569892, 0.913869247311828, 0.9781837992831541, 0.9782904659498209, 0.9627423655913978, 0.978041577060932, 0.978112688172043, 0.9746635125448029, 0.9780771326164877, 0.975303512544803, 0.9775435125448029, 0.9746609318996414, 0.978112688172043, 0.9746279569892472, 0.9780060215053764, 0.9746594982078853, 0.9750838709677419, 0.9749049462365591, 0.9747985663082437, 0.9748696774193547, 0.9748696774193547, 0.9748696774193547, 0.9747985663082437, 0.9747985663082437, 0.9642187813620072, 0.9664260931899641, 0.9724106093189964, 0.9688854480286739, 0.9667827956989246, 0.9706388530465949, 0.9668688172043011, 0.97288, 0.96679770609319, 0.9676163440860215, 0.9712432974910394, 0.9675096774193548, 0.9750898924731184, 0.9750543369175627, 0.9750898924731184, 0.9749112544802868, 0.9751610035842294, 0.9748401433691756, 0.9750543369175627, 0.9750187813620071, 0.9750187813620071, 0.9748756989247311, 0.9748025806451611, 0.9311693189964156, 0.9743386379928314, 0.9353344802867385, 0.9330924731182796, 0.974910394265233, 0.94776, 0.8866755555555557, 0.8964648028673835, 0.9193462365591397, 0.8756094623655916, 0.9748389964157707, 0.8763916845878136, 0.9736576344086021, 0.9750540501792114, 0.8756094623655916, 0.9746967741935484, 0.975303512544803, 0.974803440860215, 0.9772235125448029, 0.9780771326164877, 0.975765734767025, 0.978112688172043, 0.9775435125448029, 0.9411836559139785, 0.9780771326164877, 0.9782549103942653, 0.9781837992831541, 0.978112688172043, 0.978112688172043, 0.978112688172043, 0.9747306093189965, 0.9749468100358424, 0.9686167741935483, 0.9750870250896057]}