{"params": {"kernel": "linear", "probability": true, "C": 0.0016737450635804505, "class_weight": null}, "target": 0.9810260092470854, "targets": [0.9809352804645572, 0.9809352804645572, 0.9809352804645572, 0.9809352804645572, 0.9809352804645572, 0.9809352804645572, 0.9809352804645572, 0.9809352804645572, 0.9809352804645572, 0.9809352804645572, 0.9809352804645572, 0.9783182557433111, 0.9809352804645572, 0.9809352804645572, 0.9809352804645572, 0.9809352804645572, 0.9809352804645572, 0.9809352804645572, 0.9809352804645572, 0.9809352804645572, 0.9809352804645572, 0.9809352804645572, 0.9809352804645572, 0.9809352804645572, 0.9809352804645572, 0.9809352804645572, 0.9809352804645572, 0.980995651020006, 0.9809352804645572, 0.9809352804645572, 0.9745873877603607, 0.9809352804645572, 0.9809352804645572, 0.9809652927929264, 0.9809352804645572, 0.9799738707215699, 0.9809352804645572, 0.9809352804645572, 0.9809352804645572, 0.9788591919123311, 0.9790701631725506, 0.979341015339395, 0.9616160603376726, 0.9809352804645572, 0.9809352804645572, 0.9796704142321238, 0.9703826924504059, 0.9657269631908069, 0.9802726328713744, 0.9688188709039528, 0.9753707180659573, 0.9809352804645572, 0.9809352804645572, 0.9809352804645572, 0.9809352804645572, 0.9809352804645572, 0.9809352804645572, 0.9809352804645572, 0.9809352804645572, 0.9809352804645572, 0.9806940183601238, 0.9796401233879098, 0.9809352804645572, 0.9809352804645572, 0.9809352804645572, 0.9809352804645572, 0.9806340700706334, 0.9810257981141064, 0.9809352804645572, 0.980784536009673, 0.9809352804645572, 0.9809352804645572, 0.9809352804645572, 0.980965360175792, 0.9809352804645572, 0.9809352804645572, 0.9809352804645572, 0.980965360175792, 0.9809352804645572, 0.9809352804645572, 0.9809352804645572, 0.9809352804645572, 0.9809352804645572, 0.9808750536592221, 0.980784536009673, 0.9809352804645572, 0.9809352804645572, 0.9809352804645572, 0.9809352804645572, 0.9809352804645572, 0.9809352804645572, 0.9809352804645572, 0.9809352804645572, 0.9809352804645572, 0.9809352804645572, 0.9809352804645572, 0.9809352804645572, 0.9809352804645572, 0.9809352804645572, 0.9809352804645572, 0.9809352804645572, 0.9809352804645572, 0.9809352804645572, 0.9809352804645572, 0.9809352804645572, 0.9809352804645572, 0.9809352804645572, 0.9809352804645572, 0.9809352804645572, 0.9809352804645572, 0.9809352804645572, 0.9809352804645572, 0.9809352804645572, 0.9809352804645572, 0.9809352804645572, 0.9809352804645572, 0.9809352804645572, 0.9809352804645572, 0.9809352804645572, 0.9809352804645572, 0.9809352804645572, 0.9809352804645572, 0.9809352804645572, 0.9809352804645572, 0.9809352804645572, 0.9809352804645572, 0.9809352804645572, 0.9809352804645572, 0.9809352804645572, 0.9809352804645572, 0.9809352804645572, 0.9809352804645572, 0.9809352804645572, 0.9809352804645572, 0.9809352804645572, 0.9809352804645572, 0.9809352804645572, 0.9809352804645572, 0.9809352804645572, 0.9809352804645572, 0.9809352804645572, 0.9809352804645572, 0.9809352804645572, 0.9809352804645572, 0.9809352804645572, 0.9809352804645572, 0.9809352804645572, 0.9809352804645572, 0.9809352804645572, 0.9809352804645572, 0.9809352804645572, 0.9809352804645572, 0.9809352804645572, 0.9809352804645572, 0.9809352804645572, 0.9809352804645572, 0.9809352804645572, 0.9809352804645572, 0.9809352804645572, 0.9809352804645572, 0.9809352804645572, 0.9809352804645572, 0.9809352804645572, 0.9809352804645572, 0.9809352804645572, 0.9809352804645572, 0.9809352804645572, 0.9809352804645572, 0.9809352804645572, 0.9809352804645572, 0.9809352804645572, 0.9809352804645572, 0.9809352804645572, 0.9809352804645572, 0.9809352804645572, 0.9809352804645572, 0.9809352804645572, 0.9809352804645572, 0.9809352804645572, 0.9809352804645572, 0.9809352804645572, 0.9809352804645572, 0.9809352804645572, 0.980965360175792, 0.980814337205063, 0.9809352804645572, 0.9809352804645572, 0.9809051333704568, 0.9809352804645572, 0.9776879249725032, 0.9809352804645572, 0.9809352804645572, 0.9809352804645572, 0.9763644446313196, 0.9809352804645572, 0.9809352804645572, 0.9809657824417503, 0.9809352804645572, 0.9808148268538869, 0.9809352804645572, 0.9809352804645572, 0.9809352804645572, 0.9773550311551418, 0.9809352804645572, 0.9809352804645572, 0.9808449065651216, 0.9809352804645572, 0.9809352804645572, 0.9809352804645572, 0.9808449739479872, 0.9808148268538869, 0.9808444842991634, 0.9808148942367525, 0.9808148268538869, 0.9809352804645572, 0.9809352804645572, 0.9809352804645572, 0.9809352804645572, 0.9809352804645572, 0.9809352804645572, 0.9809352804645572, 0.9809352804645572, 0.9809352804645572, 0.9809352804645572, 0.9809352804645572, 0.9809352804645572, 0.9809352804645572, 0.9809352804645572, 0.9809352804645572, 0.9809352804645572, 0.9809352804645572, 0.9809352804645572, 0.980484026397552, 0.9809352804645572, 0.9809352804645572, 0.9809352804645572, 0.9802743129508251, 0.9809352804645572, 0.9809352804645572, 0.9809352804645572, 0.9809352804645572, 0.9809352804645572, 0.9809352804645572, 0.9809352804645572, 0.9809352804645572, 0.9809352804645572, 0.9809352804645572, 0.9805440420699082, 0.980484026397552, 0.9809352804645572, 0.9809352804645572, 0.9809352804645572, 0.9798812507266119, 0.9802722106054162, 0.9800921546039657, 0.9809352804645572, 0.980062074892731, 0.9797613541476311, 0.9796702030991445, 0.9809352804645572, 0.9809352804645572, 0.9809352804645572, 0.9794009636288855, 0.9798812507266119, 0.9809352804645572, 0.9809352804645572, 0.9809352804645572, 0.980965360175792, 0.9809352804645572, 0.9809352804645572, 0.9808750536592221, 0.980965360175792, 0.9809352804645572, 0.9809352804645572, 0.9809352804645572, 0.9809352804645572, 0.9809352804645572, 0.9809352804645572, 0.9809352804645572, 0.9809052007533225, 0.9809954398870268, 0.9809352804645572, 0.9809352804645572, 0.9809352804645572, 0.9809054118863016, 0.9809352804645572, 0.9809352804645572, 0.9809352804645572, 0.9808452524638319, 0.9809352804645572, 0.9809352804645572, 0.980965360175792, 0.9808753321750668, 0.9809352804645572, 0.9808449739479872, 0.9809352804645572, 0.9809352804645572, 0.9809352804645572, 0.9809352804645572, 0.9809352804645572, 0.980965360175792, 0.9808449739479872, 0.9808753321750668, 0.9809352804645572, 0.9809352804645574, 0.9809352804645572, 0.9808750536592221, 0.9808446954321426, 0.9808148942367525, 0.9809954398870268, 0.9809352804645572, 0.9809054118863016, 0.9809054118863016, 0.9808449739479872, 0.9809352804645572, 0.980965360175792, 0.9809352804645572, 0.9808747751433773, 0.9807847471426522, 0.9809352804645572, 0.980965571308771, 0.9807550896973755, 0.9807553682132204, 0.9808151053697317, 0.9809051333704568, 0.9809657824417503, 0.9807250099861408, 0.9809352804645572, 0.9807849582756312, 0.980965571308771, 0.9808747751433773, 0.9807550896973755, 0.9808146157209077, 0.9809657824417503, 0.980995651020006, 0.980784536009673, 0.9809357027305154, 0.9810260092470854, 0.9808446954321426, 0.9806340700706334, 0.980965360175792, 0.980814337205063, 0.980784536009673, 0.980995161371182, 0.9807240980713587, 0.9809352804645572, 0.9809352130816917, 0.9809049222374778, 0.9806340700706334, 0.9809049222374778, 0.9807541777825934, 0.9806338589376542, 0.9809051333704568, 0.9809352804645572, 0.9806938072271448, 0.9806340700706334, 0.980814337205063, 0.9806340700706334, 0.9806639386488891, 0.9808146157209077, 0.9809354915975363, 0.9806340700706334, 0.9807541777825934, 0.9807240980713587, 0.9806639386488891, 0.9806338589376544, 0.9806940183601238, 0.9806639386488891, 0.9781080526477602, 0.9807240980713587, 0.9778078215514843, 0.9809352804645572, 0.9778078215514843, 0.9777478732619936, 0.9781081200306259, 0.9809352804645572, 0.9777777418402493, 0.9786493436998727, 0.9809352804645572, 0.9809352804645572, 0.9809352804645572, 0.9809352804645572, 0.9809352804645572, 0.9777779529732286, 0.9809352804645572, 0.978798475458172, 0.9784385745882502, 0.9809352804645572, 0.9809352804645572, 0.9809352804645572, 0.9786190528556589, 0.977837901262719, 0.9809352804645572, 0.9809352804645572, 