{"params": {"n_jobs": 1, "reg_alpha": 0.0036271310162805325, "learning_rate": 0.14045429738969684, "min_child_weight": 0.0014294319553616562, "n_estimators": 2078, "subsample": 0.5279376466822467}, "target": 0.8644881007829308, "targets": [0.8166433783573979, 0.7859180584203871, 0.781545401113403, 0.8054677623261692, 0.7371917071439661, 0.7650126422250316, 0.8477268946703042, 0.8313000421407502, 0.7393647281921618, 0.7979328853106218, 0.5, 0.7979608867300996, 0.7973958679885554, 0.7764222503160557, 0.832298112537982, 0.8018569654224056, 0.7997540865437932, 0.8174257546521171, 0.5, 0.7724599108390444, 0.7900575553929071, 0.7990005433938829, 0.8064536340852131, 0.83647392818329, 0.7602934326967862, 0.5, 0.5, 0.7095624847517022, 0.8361390201166634, 0.6985107957947967, 0.6965831337192538, 0.8359904185241867, 0.7328958458092133, 0.7970972785947169, 0.5, 0.6546490673586621, 0.8521120278572539, 0.8189214740390799, 0.5, 0.8180270920664492, 0.801650974782088, 0.8165898706944352, 0.8063330339122142, 0.6783585068866858, 0.7557674606871162, 0.5, 0.8246531705369617, 0.8260069421340963, 0.8397051810943287, 0.7865041475369839, 0.8470673364828001, 0.8494732406236831, 0.8549299132787722, 0.8238696852751348, 0.833758622219265, 0.8486088007629693, 0.8244366447091179, 0.853585845143833, 0.8462159269856055, 0.8482273160778051, 0.8244879344378646, 0.8345637323396987, 0.8212539091090557, 0.8182552620489275, 0.8363497238671901, 0.8341514738172867, 0.8335032825426397, 0.8361514959966287, 0.8251122829196886, 0.8370880187193649, 0.8434429547319626, 0.8462747022423315, 0.839088872624038, 0.8288220551378446, 0.8329984252667065, 0.8365681903874732, 0.8197404462483643, 0.8387129327744139, 0.8235741455408432, 0.8229278949586355, 0.820984430101803, 0.828272007452259, 0.8320885177545634, 0.829300297203185, 0.8113037017322066, 0.8349241466498103, 0.8545126644043737, 0.8363380797125558, 0.8241050635438153, 0.839773382571473, 0.8377115354758576, 0.8359543770931754, 0.8430151706700381, 0.8496467939760907, 0.8397780956816823, 0.8440284893650054, 0.8340902033845676, 0.8346286069155188, 0.8377021092554395, 0.8311896999135004, 0.8302285026726107, 0.8337211945793689, 0.8435011755051345, 0.8213240512786391, 0.8343125512897288, 0.8275930423403641, 0.8336344179031648, 0.8316787544081443, 0.8407453922416661, 0.8369493978308604, 0.8460559584802715, 0.8328664581808504, 0.8565803335773061, 0.8348387561824916, 0.8344012686583715, 0.8509465034267084, 0.8432782731164193, 0.8449727748574978, 0.8520704415907023, 0.8508026149444408, 0.844265808326125, 0.8421202342138532, 0.8571822254751924, 0.8490171779005035, 0.8395867988555459, 0.8497768203695077, 0.8393652826757159, 0.8231081021136912, 0.8494324860824628, 0.849719431321667, 0.8460922771530598, 0.8420503692860472, 0.8495336793310709, 0.8380317497283032, 0.8531419810588419, 0.8457715084170603, 0.8457401800962584, 0.852151950673143, 0.8551250914897865, 0.8491948898795663, 0.8491643932840953, 0.8557785503581965, 0.8376308581187482, 0.8515766739858496, 0.8419660877858363, 0.8525195732694568, 0.8446176281411493, 0.8587464235810766, 0.830272584115155, 0.8631243484818241, 0.8468042340364186, 0.8487424312994877, 0.8538883159225497, 0.8487554616630071, 0.8593131057732828, 0.8594312107702887, 0.8505666821922062, 0.8582490518331227, 0.8440772839177588, 0.8506836782221038, 0.853867800031051, 0.8507621376449975, 0.8585495819194001, 0.8510058331669883, 0.8526520948388671, 0.8530710071639275, 0.8541968860203607, 0.8594414687160379, 0.8564004036640274, 0.8560940515004326, 0.8577785725375385, 0.8540843258588952, 0.8494521702486304, 0.8529368221438552, 0.8522531439217513, 0.8526168851331869, 0.8581717013773371, 0.8524172710537405, 0.8551178832035842, 0.8570641204781866, 0.855265375828953, 0.8505993967218932, 0.8595645640650298, 0.8529212966043428, 0.8495564131567857, 0.8561120722159382, 0.855739736509415, 0.8570361190587088, 0.8589562956062723, 0.8527665956927718, 0.8550100361523277, 0.8626413933062744, 0.8581240157916916, 0.8644881007829308, 0.8469478452769093, 0.8476839221948677, 0.8517291569632045, 0.8524314103843679, 0.858416783108213, 0.8555620245303525, 0.8610577882759998, 0.8536961873710827, 0.8487352230132854, 0.848599929026105, 0.8516135471421917, 0.8477266174285271, 0.8542373633198039, 0.8588697961718456, 0.8558714263534943, 0.8619324860824629, 0.8431654357131768, 0.8474715549936789, 0.8504474682280924, 0.8489090536074698, 0.8550513451771019, 0.8589931687626144, 0.8423328786568192, 0.8573674229822343, 0.8487388271563866, 0.8494291591811386, 0.8441593474837535, 0.8516956107081863, 0.8503299177146406, 0.8584872025195732, 0.8548988621997472, 0.8487776410051678, 0.8512367755672366, 0.8468962783063855, 0.8610455896378113, 0.849941224743274, 0.852741921174618, 0.8499159957415664, 0.8178732228802094, 0.8545911238272673, 0.8547128329673743, 0.8525650409208863, 0.8580901922948966, 0.8507577017765653, 0.853427262847384, 0.856356322221483, 0.8585113225541731, 0.8521677534544325, 0.8473301616874043, 0.84916023465744, 0.8558096014372214, 0.8395224787632799, 0.8494688047552511, 0.8551652915474527, 0.8374681171956441, 0.852489353915763, 0.8536559873134163, 0.8513268791447646, 0.8480232661299265, 0.8483911659680174, 0.8349593563554905, 0.8502972031849534, 0.8277189101071262, 0.8581697606848981, 0.8315340342005456, 0.8253271452968705, 0.850781544569388, 0.8567635903919089, 0.856486071373123, 0.8547763213343093, 0.8491411049748265, 0.8541225852241222, 0.8481940470645639, 0.8487884534344712, 0.8491993257479983, 0.849283330006432, 0.8547449930135071, 0.8529188014283496, 0.8538198372036285, 0.8507150065429059, 0.8584481114290151, 0.8601514849069577, 0.8543690531638832, 0.8549130015303745, 0.8573094794508395, 0.8556798522855811, 0.8505705635770843, 0.802801250914898, 0.8568525850023289, 0.8521070375052675, 0.8537735378268682, 0.8546282742253866, 0.8537532991771464, 0.8604622729389846, 0.8510027835074411, 0.8643469847184331, 0.854051056845654, 0.8520729367666954, 0.8530416195355646, 0.8524510945505357, 0.8457593097788718, 0.8495480959034755, 0.5, 0.8495921773460198, 0.8569851065717391, 0.8571639275179098, 0.8598016057843724, 0.8540108567879876, 0.8460188080821525, 0.8478646838334776, 0.860036706811276, 0.5, 0.8520016856300042, 0.5, 0.8590516667775633, 0.8496606560649411, 0.8559598664803602, 0.8550344334287046, 0.8539784195000776, 0.8581941579612747, 0.8479578370705525, 0.846665335906137, 0.8617195643977199, 0.8350056557322508, 0.8421019362565707, 0.8574880231552331, 0.8436855412868454, 0.8065113003748309, 0.8225663716814159, 0.855614977709761, 0.8576599130569788, 0.8606984829329962, 0.8535334464479784, 0.8582753898019384, 0.846973351520394, 0.8550541175948722, 0.8545021292168474, 0.8499597999423336, 0.8432181116508085, 0.8412954399272516, 0.8527089294031539, 0.8568503670681128, 0.8579934349147204, 0.8594686384101848, 0.8346904318317918, 0.8426023576640717, 0.831052187992104, 0.8547893516978287, 0.8569083105995077, 0.8576371792312638, 0.8425072637345575, 0.8567344800053232, 0.8323014394393062, 0.8592778960676026, 0.8522254197440505, 0.8544929802382061, 0.853369042074212]}