{"params": {"kernel": "poly", "probability": true, "C": 0.05204175827329923, "degree": 3, "class_weight": "balanced", "gamma": 0.00010352751515540174, "coef0": 8.986716463043537}, "target": 0.9832479428660147, "targets": [0.8973587175904363, 0.9204654334952427, 0.9144734069687492, 0.970326258123184, 0.8289432097943974, 0.9633264577372636, 0.9336402399804822, 0.8386746734091867, 0.9360608379355467, 0.8303895801450528, 0.9204341051744406, 0.8295370616807505, 0.9816177612172023, 0.8292587109366336, 0.8311106860070531, 0.8956384323640961, 0.840026781555659, 0.9312207509925254, 0.8834395169339277, 0.9789143766495887, 0.9819318761505536, 0.8834395169339277, 0.8293812518020716, 0.8428515980216027, 0.8295370616807505, 0.8388008184177256, 0.8386120167675827, 0.8568168208130947, 0.9557555392907047, 0.8294123028810965, 0.9088226650697541, 0.9050222347905162, 0.9720135515780601, 0.9818672788165103, 0.8868598487368864, 0.8294123028810965, 0.8569920376161642, 0.9466201454964847, 0.8449256437554062, 0.9791356155876416, 0.8913758400425843, 0.8386122940093597, 0.9644878235411538, 0.9537654978153348, 0.9574655665712954, 0.9600369840530529, 0.959785248519529, 0.9519772883536275, 0.9427817330937964, 0.9821849978929624, 0.9821852751347395, 0.9821852751347395, 0.9821533923303833, 0.9821849978929624, 0.9821852751347395, 0.9821852751347395, 0.9821533923303833, 0.9821533923303833, 0.9821849978929624, 0.9821852751347395, 0.9818378911881475, 0.9818378911881475, 0.9819313216669994, 0.9832479428660147, 0.9818378911881475, 0.9827458580078515, 0.9819321533923304, 0.9818692195089493, 0.9818378911881475, 0.9812703772706101, 0.9813017055914119, 0.9814905072415552, 0.9645732140084725, 0.9800452458580079, 0.9814278505999512, 0.9814591789207533, 0.9814905072415552, 0.9812390489498082, 0.9812703772706101, 0.9816160977665401, 0.9813335883957681, 0.9814905072415552, 0.9816160977665401, 0.9814591789207533, 0.980987867899838, 0.9812703772706101, 0.9814591789207533, 0.9815218355623572, 0.9813017055914119, 0.9817730166123273, 0.9817732938541044, 0.9816177612172023, 0.9816790316499212, 0.9816160977665401, 0.9816160977665401, 0.9817103599707233, 0.9816160977665401, 0.9815844922039613, 0.9815844922039613, 0.9817103599707233, 0.9813649167165701]}